district_id,state_name,district_name,malnutrition_index_pc1,z_malnutrition_index_pc1
1,Andaman And Nicobar Islands,Nicobars,-2.142136192358939,-1.3849511876744791
2,Andaman And Nicobar Islands,North And Middle Andaman,-0.09215865663865236,-0.05958315882130404
3,Andaman And Nicobar Islands,South Andamans,-2.6645931982393667,-1.7227343096738985
4,Andhra Pradesh,Ananthapuramu,0.553292310330594,0.3577190120109382
5,Andhra Pradesh,Chittoor,-1.1177087898234737,-0.7226301116903237
6,Andhra Pradesh,East Godavari,-1.3352484021271915,-0.8632755783515754
7,Andhra Pradesh,Guntur,-1.0007837478115258,-0.6470347894223166
8,Andhra Pradesh,Krishna,-1.0699494567356844,-0.6917523620316355
9,Andhra Pradesh,Kurnool,2.0442748394747037,1.3216810756302946
10,Andhra Pradesh,Prakasam,-1.7745140377805564,-1.1472731439464967
11,Andhra Pradesh,Sri Potti Sriramulu Nellore,-0.4084331240455359,-0.26406348123438095
12,Andhra Pradesh,Srikakulam,-1.4445614288414759,-0.9339495190264326
13,Andhra Pradesh,Visakhapatnam,0.540855565869845,0.3496783075621931
14,Andhra Pradesh,Vizianagaram,0.4019938769525435,0.25990032721038364
15,Andhra Pradesh,West Godavari,-1.196200583429229,-0.7733772598710758
16,Andhra Pradesh,Y.S.R.,-0.6387190886852101,-0.4129498225277728
17,Arunachal Pradesh,Anjaw,-2.029675600273,-1.3122422576206527
18,Arunachal Pradesh,Changlang,-0.8899111676566234,-0.5753525536644809
19,Arunachal Pradesh,Dibang Valley,-1.087994670500559,-0.7034190993402386
20,Arunachal Pradesh,East Kameng,-1.5176906328569126,-0.9812296024852427
21,Arunachal Pradesh,East Siang,-2.9393266524610993,-1.9003572008213092
22,Arunachal Pradesh,Kra Daadi,-2.0282267749971536,-1.3113055514048324
23,Arunachal Pradesh,Kurung Kumey,-1.606270066243491,-1.038498692989325
24,Arunachal Pradesh,Lohit,-2.444022575069847,-1.580129209393916
25,Arunachal Pradesh,Longding,-2.76504796084562,-1.7876811339119423
26,Arunachal Pradesh,Lower Dibang Valley,-3.6406498322707455,-2.3537823258370114
27,Arunachal Pradesh,Lower Subansiri,-2.4832086075874225,-1.6054640795431867
28,Arunachal Pradesh,Namsai,-1.7027557515018736,-1.1008793972922717
29,Arunachal Pradesh,Papum Pare,-2.2220384764719006,-1.4366102575668978
30,Arunachal Pradesh,Siang,-3.842799678628605,-2.4844778767549145
31,Arunachal Pradesh,Tawang,-1.5393960802750744,-0.995262783609775
32,Arunachal Pradesh,Tirap,-1.496546716586669,-0.9675594670125226
33,Arunachal Pradesh,Upper Siang,-2.227476287668879,-1.4401259551693513
34,Arunachal Pradesh,Upper Subansiri,-1.1202252110085145,-0.7242570486336156
35,Arunachal Pradesh,West Kameng,-1.1829006587948745,-0.7647784852067784
36,Arunachal Pradesh,West Siang,-2.286845587518788,-1.478509874283284
37,Assam,Baksa,1.020133344221108,0.65954484673056
38,Assam,Barpeta,-0.43610560974367446,-0.2819545201282891
39,Assam,Biswanath,2.3357495884927815,1.510127683866335
40,Assam,Bongaigaon,1.5792861783184444,1.0210528518877307
41,Assam,Cachar,1.030506047171393,0.6662510903959417
42,Assam,Charaideo,1.132848126595302,0.7324181179419983
43,Assam,Chirang,1.378266491383615,0.8910879807654306
44,Assam,Darrang,1.3617891196184144,0.8804348973259326
45,Assam,Dhemaji,0.18451487000074168,0.11929404361060812
46,Assam,Dhubri,1.8287731066911075,1.1823531552911664
47,Assam,Dibrugarh,-0.03715593474661452,-0.024022354946448117
48,Assam,Dima Hasao,-0.050548175853107113,-0.032680814801717695
49,Assam,Goalpara,0.9263363456304328,0.5989024538417095
50,Assam,Golaghat,-0.31864315874465454,-0.20601174786267343
51,Assam,Hailakandi,1.3990882112096974,0.9045498071915098
52,Assam,Hojai,-0.48139126179679775,-0.3112329655508092
53,Assam,Jorhat,0.5664385435116605,0.3662184208358804
54,Assam,Kamrup,-1.2943612723760884,-0.8368409010834448
55,Assam,Kamrup Metro,-0.3004038830632654,-0.1942195440768604
56,Assam,Karbi Anglong,-0.24598924223653407,-0.15903895112078278
57,Assam,Karimganj,3.3381553792043634,2.1582111695615143
58,Assam,Kokrajhar,0.8488195540058764,0.5487856718144556
59,Assam,Lakhimpur,0.6720848808733461,0.4345217439039631
60,Assam,Majuli,-0.453665535231055,-0.29330750494128643
61,Assam,Marigaon,0.0104132875980526,0.006732482779555348
62,Assam,Nagaon,0.6353513968925931,0.4107725152377212
63,Assam,Nalbari,-0.5926737326177017,-0.38318020713167356
64,Assam,Sivasagar,-0.4153652012310073,-0.26854526374910404
65,Assam,Sonitpur,-0.5915900017290807,-0.38247954468702183
66,Assam,South Salmara Mancachar,0.2966702115580259,0.1918056206279159
67,Assam,Tinsukia,0.35697141985551584,0.23079204471603526
68,Assam,Udalguri,0.7889068297678691,0.5100504135772715
69,Assam,West Karbi Anglong,1.2947366567666103,0.8370835976306308
70,Bihar,Araria,2.804621802166544,1.8132667333401
71,Bihar,Arwal,3.5063518787606913,2.266954928550389
72,Bihar,Aurangabad,2.7871067160032665,1.801942738408975
73,Bihar,Banka,2.785020107819431,1.8005936876377298
74,Bihar,Begusarai,1.0875672932039977,0.7031427879196254
75,Bihar,Bhagalpur,1.668795686294446,1.0789232617252158
76,Bihar,Bhojpur,2.321263154730932,1.5007617977405103
77,Bihar,Buxar,2.501001951800372,1.6169679761153688
78,Bihar,Darbhanga,1.4368388784792294,0.9289566734108178
79,Bihar,Gaya,2.4510283924584737,1.5846586670201952
80,Bihar,Gopalganj,-0.09228416032904409,-0.059664300480590494
81,Bihar,Jamui,1.630497813443329,1.0541626117349125
82,Bihar,Jehanabad,3.0409950371365397,1.9660886657988654
83,Bihar,Kaimur (Bhabua),2.5420523172613376,1.6435081898526798
84,Bihar,Katihar,2.1128033057830193,1.3659866529982294
85,Bihar,Khagaria,1.040699512897576,0.6728414521639532
86,Bihar,Kishanganj,1.4739726415870162,0.952964693770307
87,Bihar,Lakhisarai,2.3957354426328594,1.54891022263829
88,Bihar,Madhepura,1.8152645326055177,1.173619482898925
89,Bihar,Madhubani,1.0217587009949072,0.6605956855158331
90,Bihar,Munger,1.617798191756803,1.0459519497795666
91,Bihar,Muzaffarpur,0.896251636662329,0.5794518448819059
92,Bihar,Nalanda,2.756576984704001,1.7822044100183143
93,Bihar,Nawada,1.6102954343863156,1.0411012065036935
94,Bihar,Pashchim Champaran,0.07428872981869561,0.048029749443676446
95,Bihar,Patna,1.3316983745109332,0.8609803858325601
96,Bihar,Purbi Champaran,1.11964447840227,0.723881588699925
97,Bihar,Purnia,2.2774457737674396,1.4724326307983528
98,Bihar,Rohtas,2.668205695208508,1.725069890383346
99,Bihar,Saharsa,1.8963791000859784,1.2260623280226313
100,Bihar,Samastipur,1.6751604345239646,1.083038250142462
101,Bihar,Saran,2.2106128135933396,1.4292232457466056
102,Bihar,Sheikhpura,1.9533695963211073,1.2629082838159846
103,Bihar,Sheohar,2.331123744522715,1.5071369458716204
104,Bihar,Sitamarhi,1.84692092128247,1.1940862269145567
105,Bihar,Siwan,0.1642476990930626,0.10619074862893756
106,Bihar,Supaul,1.9312479524730612,1.2486060200150426
107,Bihar,Vaishali,1.2740731750483862,0.8237240765837314
108,Chhattisgarh,Balod,0.22877460528352334,0.14790920503904423
109,Chhattisgarh,Balodabazar-Bhatapara,0.8300735321287432,0.5366658423864689
110,Chhattisgarh,Balrampur Ramanujganj,0.47498064960819614,0.30708832479641
111,Chhattisgarh,Bastar,2.4404834829239515,1.5778410869634976
112,Chhattisgarh,Bemetara,-0.14271218199939342,-0.09226743222989159
113,Chhattisgarh,Bijapur,2.6775721391515734,1.731125559350383
114,Chhattisgarh,Bilaspur,0.2599849054974228,0.1680875403396199
115,Chhattisgarh,Dakshin Bastar Dantewada,2.56535601243429,1.6585746830206252
116,Chhattisgarh,Dhamtari,-0.21957503078579016,-0.14196142185318392
117,Chhattisgarh,Durg,-0.22624971507225397,-0.14627679263253224
118,Chhattisgarh,Gariyaband,-0.2225253282490227,-0.14386887199116855
119,Chhattisgarh,Janjgir-Champa,0.699408817632825,0.452187436123705
120,Chhattisgarh,Jashpur,-0.12494910426863703,-0.08078310378816243
121,Chhattisgarh,Kabeerdham,-0.3284055939920728,-0.21232343632521614
122,Chhattisgarh,Kondagaon,1.6938901550370207,1.095147540280921
123,Chhattisgarh,Korba,-0.40230327350246664,-0.2601003607660497
124,Chhattisgarh,Korea,-0.29514894497608796,-0.190822079073957
125,Chhattisgarh,Mahasamund,-0.062209214537158164,-0.04022000368830761
126,Chhattisgarh,Mungeli,-0.3259915216577952,-0.2107626707873312
127,Chhattisgarh,Narayanpur,2.114387921171065,1.3670111513338206
128,Chhattisgarh,Raigarh,-0.15919720653135203,-0.102925463397946
129,Chhattisgarh,Raipur,0.6152136209178857,0.3977528777129095
130,Chhattisgarh,Rajnandgaon,0.29477474819153426,0.19058015034737072
131,Chhattisgarh,Sukma,2.0037610586412993,1.2954877789190251
132,Chhattisgarh,Surajpur,-0.6041922893099434,-0.3906272774104539
133,Chhattisgarh,Surguja,-0.731779472839264,-0.473115973503296
134,Chhattisgarh,Uttar Bastar Kanker,0.2313560373693883,0.14957817335486487
135,Delhi,Central,-0.489076624227308,-0.31620176812452555
136,Delhi,East,-0.0976509024235012,-0.06313404991303721
137,Delhi,New Delhi,-1.5513154634098327,-1.002968999436628
138,Delhi,North,-1.9186108681142204,-1.240435790197747
139,Delhi,North East,-1.0313273452281666,-0.6667820826471443
140,Delhi,North West,-1.1202312825031298,-0.7242609740253383
141,Delhi,Shahdara,0.3803005640560621,0.24587499139478775
142,Delhi,South,-1.3761397055299271,-0.8897129540026595
143,Delhi,South East,-1.3159438629315778,-0.8507946517971195
144,Delhi,South West,-1.62376269750533,-1.0498081701962607
145,Delhi,West,-1.1870578562571348,-0.7674662300771988
146,Goa,North Goa,-1.1901282871035062,-0.7694513498200625
147,Goa,South Goa,-1.1542167178440472,-0.7462335120959481
148,Gujarat,Ahmadabad,0.5126742525216473,0.33145829730746085
149,Gujarat,Amreli,0.748356251441157,0.48383332625350883
150,Gujarat,Anand,2.5065306424857017,1.6205424298584337
151,Gujarat,Arvalli,3.439152057177801,2.2235083572984236
152,Gujarat,Banas Kantha,2.1733785202161586,1.4051502297456202
153,Gujarat,Bharuch,2.361921195417255,1.527048362496709
154,Gujarat,Bhavnagar,1.5746544859083182,1.018058332712326
155,Gujarat,Botad,0.9644965315614403,0.6235740853726762
156,Gujarat,Chhotaudepur,3.477339813948764,2.248197814151458
157,Gujarat,Dang,3.9152892016243834,2.531344388475817
158,Gujarat,Devbhumi Dwarka,0.8111379077559192,0.5244234296220306
159,Gujarat,Dohad,4.107310040218769,2.6554912515082223
160,Gujarat,Gandhinagar,2.605040399023143,1.6842317530679978
161,Gujarat,Gir Somnath,0.7612171752172294,0.4921482745382152
162,Gujarat,Jamnagar,0.353521842755121,0.2285617962756196
163,Gujarat,Junagadh,0.21286206790705003,0.13762130288927815
164,Gujarat,Kachchh,0.6774921835600174,0.438017716897993
165,Gujarat,Kheda,2.3903471166370567,1.545426518607667
166,Gujarat,Mahesana,1.9783868300823644,1.2790826277879377
167,Gujarat,Mahisagar,3.0132899929551327,1.9481765769314623
168,Gujarat,Morbi,0.938488164726395,0.6067589460429944
169,Gujarat,Narmada,3.4732547136749794,2.2455566821374764
170,Gujarat,Navsari,2.1536734596284024,1.3924103548667228
171,Gujarat,Panch Mahals,4.281799945085,2.768303873713898
172,Gujarat,Patan,2.2838646073861106,1.476582586938104
173,Gujarat,Porbandar,-0.49623950211236434,-0.32083276977113506
174,Gujarat,Rajkot,1.0685658552946466,0.6908578248561429
175,Gujarat,Sabar Kantha,2.4984441868895493,1.615314309292656
176,Gujarat,Surat,1.4683275800907536,0.9493150030309264
177,Gujarat,Surendranagar,2.225454197296855,1.4388186169747446
178,Gujarat,Tapi,3.692470280595632,2.3872857005100956
179,Gujarat,Vadodara,1.9421443451885123,1.2556508438159109
180,Gujarat,Valsad,1.6344134989897547,1.0566942123714296
181,Haryana,Ambala,-2.163118991712742,-1.3985171565374503
182,Haryana,Bhiwani,-1.6479637781172396,-1.0654548482441026
183,Haryana,Charki Dadri,-1.8965723621357826,-1.2261872773635571
184,Haryana,Faridabad,-1.6006514019324132,-1.034866068771253
185,Haryana,Fatehabad,-1.107591922334826,-0.7160892728333328
186,Haryana,Gurugram,-1.271215006733954,-0.8218761905269221
187,Haryana,Hisar,-0.8506250361947064,-0.5499529667374697
188,Haryana,Jhajjar,-2.6957694731475303,-1.742890646659074
189,Haryana,Jind,-1.5056629478804628,-0.9734533664772208
190,Haryana,Kaithal,-0.1783582532381,-0.11531361802987623
191,Haryana,Karnal,-1.0592359425786455,-0.6848257743529973
192,Haryana,Kurukshetra,-1.1090268396074505,-0.7170169871346105
193,Haryana,Mahendragarh,-1.911040346735376,-1.2355412355880329
194,Haryana,Nuh,1.129621236112468,0.7303318426516419
195,Haryana,Palwal,-1.1391919019032029,-0.7365195467766151
196,Haryana,Panchkula,-2.2287074883231353,-1.44092196095762
197,Haryana,Panipat,-1.5490826337124461,-1.001525412351782
198,Haryana,Rewari,-1.5169140861878947,-0.9807275432625951
199,Haryana,Rohtak,-0.8448153885786404,-0.54619686645097
200,Haryana,Sirsa,-1.1808060396254012,-0.7634242551084142
201,Haryana,Sonipat,-2.2318866395257917,-1.4429773714630871
202,Haryana,Yamunanagar,-0.9896264247128997,-0.6398212668032465
203,Himachal Pradesh,Bilaspur,-0.23167391795136105,-0.1497836920754356
204,Himachal Pradesh,Chamba,-0.5836397101159628,-0.3773394579590062
205,Himachal Pradesh,Hamirpur,-1.4648907770377666,-0.9470930133707843
206,Himachal Pradesh,Kangra,-0.4536905466170894,-0.2933236755045388
207,Himachal Pradesh,Kinnaur,-0.9659948959451633,-0.6245428200125224
208,Himachal Pradesh,Kullu,0.013214116788638,0.00854329748303272
209,Himachal Pradesh,Lahul And Spiti,-0.3278373882122466,-0.21195607533648872
210,Himachal Pradesh,Mandi,-1.002350155726108,-0.6480475161151487
211,Himachal Pradesh,Shimla,-1.7431365231358116,-1.126986699821925
212,Himachal Pradesh,Sirmaur,-0.8701841911458741,-0.5625985095260908
213,Himachal Pradesh,Solan,-0.5912683201805191,-0.38227156853484134
214,Himachal Pradesh,Una,-1.3874460792911636,-0.8970228420596239
215,Jammu And Kashmir,Anantnag,0.5251519951821966,0.33952550824337907
216,Jammu And Kashmir,Bandipora,-1.3143472387568735,-0.8497623894438134
217,Jammu And Kashmir,Baramulla,-1.2408950885820038,-0.8022735122263912
218,Jammu And Kashmir,Budgam,-0.2923641135434176,-0.18902160737010013
219,Jammu And Kashmir,Doda,-1.134687565843036,-0.7336073670569198
220,Jammu And Kashmir,Ganderbal,-0.11968184613252353,-0.07737767352774316
221,Jammu And Kashmir,Jammu,-1.0856902823450678,-0.701929247703263
222,Jammu And Kashmir,Kathua,-0.5739305074697441,-0.3710621858676154
223,Jammu And Kashmir,Kishtwar,-0.02881960749338708,-0.01863268533935998
224,Jammu And Kashmir,Kulgam,-1.340005923356534,-0.8663514493911794
225,Jammu And Kashmir,Kupwara,0.16210003006582518,0.10480222030818279
226,Jammu And Kashmir,Poonch,-1.718315270573128,-1.1109390631969158
227,Jammu And Kashmir,Pulwama,-1.4193102345236248,-0.9176239129863256
228,Jammu And Kashmir,Rajouri,0.6318038912377434,0.40847895323755923
229,Jammu And Kashmir,Ramban,-1.3241455397327668,-0.8560972661067262
230,Jammu And Kashmir,Reasi,-2.3168317234985656,-1.4978967530387515
231,Jammu And Kashmir,Samba,-1.1624425360166337,-0.7515517344799192
232,Jammu And Kashmir,Shopian,0.3524196804236574,0.2278492173857173
233,Jammu And Kashmir,Srinagar,-0.5261814823603981,-0.34019110060638175
234,Jammu And Kashmir,Udhampur,0.6017037956448583,0.38901839639286334
235,Jharkhand,Bokaro,0.427360767046955,0.2763007338181333
236,Jharkhand,Chatra,0.9268558891243815,0.5992383532964498
237,Jharkhand,Deoghar,1.1273097110243462,0.7288373767873552
238,Jharkhand,Dhanbad,-0.9747475247425038,-0.6302016402553202
239,Jharkhand,Dumka,2.219643587808183,1.435061894810601
240,Jharkhand,East Singhbum,1.7447863485131365,1.1280533582463201
241,Jharkhand,Garhwa,1.414796353046593,0.9147055618866446
242,Jharkhand,Giridih,0.786293074886307,0.5083605476665877
243,Jharkhand,Godda,1.7793325879619935,1.1503884719169846
244,Jharkhand,Gumla,1.0647313277320993,0.6883786951346696
245,Jharkhand,Hazaribagh,0.12577190691135903,0.08131506879642111
246,Jharkhand,Jamtara,2.0802194510537726,1.344920276141682
247,Jharkhand,Khunti,2.2283438530545223,1.4406868605475984
248,Jharkhand,Koderma,-0.043340358389060224,-0.028020758455636445
249,Jharkhand,Latehar,1.1188563993844263,0.723372073489997
250,Jharkhand,Lohardaga,1.9674699402522258,1.2720245520269786
251,Jharkhand,Pakur,2.9660584496253604,1.917640058168744
252,Jharkhand,Palamu,1.1301984476631513,0.7307050261240605
253,Jharkhand,Ramgarh,0.6215312208043503,0.401837383402707
254,Jharkhand,Ranchi,1.340053126301226,0.86638196742012
255,Jharkhand,Sahebganj,2.1524467487038885,1.3916172518147791
256,Jharkhand,Saraikela Kharsawan,2.973327134620394,1.9223394670824312
257,Jharkhand,Simdega,1.4644724011324968,0.9468225216023503
258,Jharkhand,West Singhbhum,4.741429465400684,3.0654672624480512
259,Karnataka,Bagalkote,1.450326408627377,0.9376767403067056
260,Karnataka,Ballari,0.9562824141897849,0.6182634278850007
261,Karnataka,Belagavi,1.016724704964918,0.6573410657557306
262,Karnataka,Bengaluru Rural,-0.5323239266859113,-0.34416236330862665
263,Karnataka,Bengaluru Urban,-0.40550693991338294,-0.262171621041908
264,Karnataka,Bidar,0.9713550259135391,0.6280082945198256
265,Karnataka,Chamarajanagara,-0.0810942301226987,-0.05242969645095287
266,Karnataka,Chikkaballapura,-0.8146622524634397,-0.5267020174195131
267,Karnataka,Chikkamagaluru,-0.5691164386332743,-0.3679497552124602
268,Karnataka,Chitradurga,0.10970913150248951,0.07093003354085942
269,Karnataka,Dakshina Kannada,-0.28562095692644257,-0.18466196730675266
270,Karnataka,Davangere,0.640246783864671,0.41393752035050974
271,Karnataka,Dharwad,1.2364477713551825,0.7993981967832267
272,Karnataka,Gadag,1.4276900121080298,0.9230416744523646
273,Karnataka,Hassan,-1.0575060395929234,-0.6837073435066378
274,Karnataka,Haveri,0.10110394987907746,0.06536654203550597
275,Karnataka,Kalaburagi,1.2534949916309652,0.8104197032830047
276,Karnataka,Kodagu,-0.7656355402184838,-0.49500487155473266
277,Karnataka,Kolar,-1.503744500639705,-0.9722130364767027
278,Karnataka,Koppal,2.4049801310698666,1.5548871732524405
279,Karnataka,Mandya,-2.0949992158195534,-1.3544758089966573
280,Karnataka,Mysuru,-0.9404066329612404,-0.6079992896167796
281,Karnataka,Raichur,1.6559768789732305,1.070635542910971
282,Karnataka,Ramanagara,-1.7226298500577268,-1.1137285599631932
283,Karnataka,Shivamogga,0.4867802486550757,0.31471709684757576
284,Karnataka,Tumakuru,-0.3071869070259421,-0.19860495949845813
285,Karnataka,Udupi,-1.4593466550369703,-0.9435085828490444
286,Karnataka,Uttara Kannada,0.3587449631140224,0.23193869022392702
287,Karnataka,Vijayapura,1.0109195755410092,0.6535878866073064
288,Karnataka,Yadgir,2.62786142898218,1.698986189624582
289,Kerala,Alappuzha,-2.8332845304568566,-1.8317979918703737
290,Kerala,Ernakulam,-2.3848462904162613,-1.5418700800232032
291,Kerala,Idukki,-2.328292844899245,-1.5053066897890721
292,Kerala,Kannur,-2.8316690548335752,-1.8307535415263183
293,Kerala,Kasaragod,-2.4742835493184625,-1.5996937788061227
294,Kerala,Kollam,-2.7170958169947808,-1.7566787266818844
295,Kerala,Kottayam,-3.069804823570718,-1.9847150015477257
296,Kerala,Kozhikode,-2.821538436065352,-1.8242038120810222
297,Kerala,Malappuram,-1.3966008475991694,-0.902941656785916
298,Kerala,Palakkad,-0.5681362715127917,-0.3673160496514067
299,Kerala,Pathanamthitta,-3.0251151357531083,-1.9558218637348386
300,Kerala,Thiruvananthapuram,-2.881925593662096,-1.8632458048040894
301,Kerala,Thrissur,-2.6668412529655927,-1.7241877401673236
302,Kerala,Wayanad,-1.633024531710403,-1.055796206030824
303,Ladakh,Kargil,0.3448450262099826,0.22295199078225839
304,Ladakh,Leh Ladakh,-0.3146407850809223,-0.20342410092459573
305,Madhya Pradesh,Agar-Malwa,0.9700063109013516,0.6271363124000023
306,Madhya Pradesh,Alirajpur,0.30006241231221553,0.19399877364970006
307,Madhya Pradesh,Anuppur,-1.0404261870575293,-0.672664739334888
308,Madhya Pradesh,Ashoknagar,-0.07907806119042732,-0.05112618663338766
309,Madhya Pradesh,Balaghat,1.2831984822601517,0.8296238438841996
310,Madhya Pradesh,Barwani,1.8508983390774425,1.1966577391828586
311,Madhya Pradesh,Betul,-0.07752008026282053,-0.0501189082242184
312,Madhya Pradesh,Bhind,-0.24993461787509463,-0.1615897472353983
313,Madhya Pradesh,Bhopal,-0.5731863655086556,-0.3705810771983889
314,Madhya Pradesh,Burhanpur,2.4928178477127343,1.6116767230584175
315,Madhya Pradesh,Chhatarpur,1.6027872902662033,1.0362469805429575
316,Madhya Pradesh,Chhindwara,-0.8935157538251937,-0.5776830198192677
317,Madhya Pradesh,Damoh,0.7262955436529764,0.46957045932601665
318,Madhya Pradesh,Datia,0.24290501421268157,0.1570449111153293
319,Madhya Pradesh,Dewas,0.8402226520648273,0.5432275333561974
320,Madhya Pradesh,Dhar,0.9085407206052112,0.587397082660361
321,Madhya Pradesh,Dindori,0.7577000287475458,0.48987434060358087
322,Madhya Pradesh,Guna,-0.6994806986237223,-0.45223390920233997
323,Madhya Pradesh,Gwalior,0.545987211882461,0.3529960607775343
324,Madhya Pradesh,Harda,1.9757892778847181,1.277403237367287
325,Madhya Pradesh,Indore,0.05207198508706623,0.033666000251591874
326,Madhya Pradesh,Jabalpur,-1.1290018849397172,-0.7299314147305095
327,Madhya Pradesh,Jhabua,2.083715347758142,1.3471804715064652
328,Madhya Pradesh,Katni,2.4830395640325404,1.6053547881391492
329,Madhya Pradesh,Khandwa (East Nimar),1.4879143436797397,0.9619783955789947
330,Madhya Pradesh,Khargone (West Nimar),1.6251549443517852,1.0507082968690709
331,Madhya Pradesh,Mandla,0.07686670001611809,0.049696479551428356
332,Madhya Pradesh,Mandsaur,-0.9930522455851218,-0.6420361561752052
333,Madhya Pradesh,Morena,0.03336236634212758,0.021569706470567114
334,Madhya Pradesh,Narmadapuram,0.4192392298543071,0.2710499320153245
335,Madhya Pradesh,Narsimhapur,0.14423684463159459,0.09325316942568795
336,Madhya Pradesh,Neemuch,-0.18083444792003017,-0.11691454740956984
337,Madhya Pradesh,Panna,1.8948133449892302,1.2250500233948565
338,Madhya Pradesh,Raisen,-0.4125820395133225,-0.26674587156286167
339,Madhya Pradesh,Rajgarh,0.15459068143282972,0.0999472155960519
340,Madhya Pradesh,Ratlam,-0.22877343398860192,-0.14790844776399412
341,Madhya Pradesh,Rewa,0.7292574018098896,0.47148538377702603
342,Madhya Pradesh,Sagar,1.2408447035083656,0.8022409368617505
343,Madhya Pradesh,Satna,1.4045273512939531,0.9080663639568957
344,Madhya Pradesh,Sehore,-0.11513843207212571,-0.0744402287838048
345,Madhya Pradesh,Seoni,-0.09520857206165351,-0.061555014766999386
346,Madhya Pradesh,Shahdol,1.0544877057747644,0.6817559059551093
347,Madhya Pradesh,Shajapur,0.24423642418592678,0.1579057050416469
348,Madhya Pradesh,Sheopur,1.2245613033974572,0.7917132615424014
349,Madhya Pradesh,Shivpuri,0.8734873439936061,0.5647340905763782
350,Madhya Pradesh,Sidhi,0.5929715943207747,0.3833727830850164
351,Madhya Pradesh,Singrauli,0.8036256464869043,0.5195665418089424
352,Madhya Pradesh,Tikamgarh,0.12596317114721467,0.0814387264945417
353,Madhya Pradesh,Ujjain,1.8367398488758826,1.1875038777755993
354,Madhya Pradesh,Umaria,1.071546735949086,0.6927850478858493
355,Maharashtra,Ahmednagar,1.049005098791738,0.6782112466193586
356,Maharashtra,Akola,1.1662263443695113,0.7539980728084266
357,Maharashtra,Amravati,1.1178372514996604,0.7227131657704704
358,Maharashtra,Beed,1.4375383858281143,0.9294089245501621
359,Maharashtra,Bhandara,1.1024356124479004,0.7127555737308255
360,Maharashtra,Buldhana,3.18528146546877,2.0593738924790497
361,Maharashtra,Chandrapur,3.1195824179415026,2.0168976137874637
362,Maharashtra,Chhatrapati Sambhajinagar,1.4102676977438882,0.911777659093899
363,Maharashtra,Dharashiv,0.2594492209086866,0.16774120521394698
364,Maharashtra,Dhule,2.983138342354314,1.9286826883267585
365,Maharashtra,Gadchiroli,1.693066048778347,1.094614732448351
366,Maharashtra,Gondia,1.3525377402872536,0.8744536208608685
367,Maharashtra,Hingoli,1.5623754156731655,1.0101195690770475
368,Maharashtra,Jalgaon,2.1434268173946087,1.3857856129936392
369,Maharashtra,Jalna,1.1964788592452402,0.7735571729985699
370,Maharashtra,Kolhapur,0.36657677742756023,0.23700217805157806
371,Maharashtra,Latur,0.5703499321011032,0.3687472433690732
372,Maharashtra,Mumbai,0.3331211719188111,0.21537218984215092
373,Maharashtra,Nagpur,1.2306796691708124,0.7956689567846839
374,Maharashtra,Nanded,0.8638155154864884,0.558480981915175
375,Maharashtra,Nandurbar,3.7814942985882256,2.4448422274434387
376,Maharashtra,Nashik,2.1394611980952707,1.3832217287840012
377,Maharashtra,Palghar,0.9835757506149603,0.6359093361295275
378,Maharashtra,Parbhani,1.629046407600039,1.053224237109792
379,Maharashtra,Pune,0.7489094896504522,0.4841910102876815
380,Maharashtra,Raigad,0.4894931887271417,0.3164710887684909
381,Maharashtra,Ratnagiri,0.38722411987037775,0.25035126460382573
382,Maharashtra,Sangli,-0.16912138659627257,-0.10934172442590219
383,Maharashtra,Satara,-0.6192960049782544,-0.40039225361866126
384,Maharashtra,Sindhudurg,0.33314184008244874,0.21538555239019017
385,Maharashtra,Solapur,0.8764632614158223,0.5666581047371123
386,Maharashtra,Thane,0.5015250499520684,0.3242500248383991
387,Maharashtra,Wardha,0.6645277358341984,0.4296358374733966
388,Maharashtra,Washim,1.836199791040562,1.1871547152232331
389,Maharashtra,Yavatmal,1.7636885285716126,1.1402741483226015
390,Manipur,Bishnupur,-3.725312332233982,-2.4085190089171165
391,Manipur,Chandel,-2.448654341008242,-1.5831237761074106
392,Manipur,Churachandpur,-3.026324463154529,-1.9566037278510697
393,Manipur,Imphal East,-2.845965297675865,-1.8399964638831403
394,Manipur,Imphal West,-3.7296383643130655,-2.4113159101072537
395,Manipur,Senapati,-2.5648203270689027,-1.6582283473928254
396,Manipur,Tamenglong,-2.6367096048764154,-1.7047067837479555
397,Manipur,Thoubal,-2.6685109937025224,-1.7252672744308162
398,Manipur,Ukhrul,-2.774808709117396,-1.7939917316973715
399,Meghalaya,East Garo Hills,-0.9813334718901849,-0.6344596399831984
400,Meghalaya,East Jaintia Hills,-0.8119073452616563,-0.5249208925710311
401,Meghalaya,East Khasi Hills,-1.167698272701143,-0.7549497157984179
402,Meghalaya,North Garo Hills,-2.4392377388970834,-1.577035678476538
403,Meghalaya,Ri Bhoi,-0.20399394157513318,-0.131887810247846
404,Meghalaya,South Garo Hills,-1.8541468746492678,-1.198758008630922
405,Meghalaya,South West Garo Hills,-1.1833439208797343,-0.7650650665889834
406,Meghalaya,South West Khasi Hills,0.1387618670732823,0.0897134427272068
407,Meghalaya,West Garo Hills,-1.318876615040657,-0.8526907583710677
408,Meghalaya,West Jaintia Hills,-0.24555197379491667,-0.15875624479720227
409,Meghalaya,West Khasi Hills,0.44629343954168554,0.2885412381105118
410,Mizoram,Aizawl,-3.2880894409443826,-2.1258421349023124
411,Mizoram,Champhai,-2.7915956348023014,-1.8048449504365174
412,Mizoram,Kolasib,-2.18626963097663,-1.4134846947632236
413,Mizoram,Lawngtlai,-1.370884219752099,-0.8863151349023742
414,Mizoram,Lunglei,-2.9054877608741325,-1.8784794074017652
415,Mizoram,Mamit,-2.8980067483776892,-1.8736427227974368
416,Mizoram,Serchhip,-2.5594630185247125,-1.6547646970154681
417,Mizoram,Siaha,-1.6179632153647587,-1.0460586421750586
418,Nagaland,Dimapur,-0.3704635642459767,-0.23951509484912104
419,Nagaland,Kiphire,-1.0115229457452002,-0.6539779823836078
420,Nagaland,Kohima,-1.0604563950160557,-0.6856148311173248
421,Nagaland,Longleng,-0.963827001482244,-0.6231412153797812
422,Nagaland,Mokokchung,-2.0581981884553286,-1.3306829116367571
423,Nagaland,Mon,-1.9591602973277649,-1.266652134587586
424,Nagaland,Peren,-1.6762160028588553,-1.0837207047054787
425,Nagaland,Phek,-2.310899279409397,-1.4940612613849464
426,Nagaland,Tuensang,0.04534675690001477,0.029317951421520976
427,Nagaland,Wokha,-0.8252530955072283,-0.5335492947795099
428,Nagaland,Zunheboto,1.1288331856276705,0.7298223458891294
429,Odisha,Anugul,0.5433654263589067,0.35130100283134663
430,Odisha,Balangir,1.2689603633412516,0.8204185002756468
431,Odisha,Baleshwar,-1.9774893118858605,-1.2785023570765601
432,Odisha,Bargarh,-0.0298592823654954,-0.019304864332487445
433,Odisha,Bhadrak,-0.22627230553689032,-0.1462913980021347
434,Odisha,Boudh,0.5575807804536991,0.3604916283420037
435,Odisha,Cuttack,-1.8162872973742388,-1.1742807290354706
436,Odisha,Deogarh,0.5058498572386723,0.3270461341658128
437,Odisha,Dhenkanal,0.19092322995704433,0.1234372282335958
438,Odisha,Gajapati,0.6279419374056441,0.405982091662843
439,Odisha,Ganjam,-1.9959813468599852,-1.290457976841207
440,Odisha,Jagatsinghapur,-3.169831584934944,-2.0493851109668957
441,Odisha,Jajapur,-1.1299694605898658,-0.7305569795524933
442,Odisha,Jharsuguda,-0.6736073005942771,-0.43550603099465485
443,Odisha,Kalahandi,0.21629378827345375,0.13984000644985045
444,Odisha,Kandhamal,0.3918049480058266,0.25331289859766454
445,Odisha,Kendrapara,-1.954134768220701,-1.2634029889308591
446,Odisha,Kendujhar,0.970563171150818,0.6274963381848325
447,Odisha,Khordha,-2.4598965346282613,-1.5903921699012555
448,Odisha,Koraput,0.7211105025753225,0.4662181847020909
449,Odisha,Malkangiri,1.849025995771657,1.1954472166706431
450,Odisha,Mayurbhanj,2.13608757021783,1.381040583648459
451,Odisha,Nabarangpur,2.3284776960146996,1.5054262012248085
452,Odisha,Nayagarh,-2.3171119243505944,-1.4980779107560755
453,Odisha,Nuapada,1.2929791446843146,0.835947316728226
454,Odisha,Puri,-3.4887309223842746,-2.2555624855542207
455,Odisha,Rayagada,1.186731597396225,0.7672552945640796
456,Odisha,Sambalpur,1.300798273226924,0.8410026028488257
457,Odisha,Sonepur,0.8744584517628987,0.5653619390125512
458,Odisha,Sundargarh,0.8441711663293154,0.5457803586805904
459,Puducherry,Karaikal,-1.3362313801845924,-0.8639111012622621
460,Puducherry,Mahe,-0.76831649440175,-0.49673818370055217
461,Puducherry,Pondicherry,-2.4855225693664584,-1.6069601207965583
462,Puducherry,Yanam,-2.497134218607094,-1.6144673780213983
463,Punjab,Amritsar,-2.2035991533795984,-1.4246887175137068
464,Punjab,Barnala,-1.6628716612182424,-1.0750932131996518
465,Punjab,Bathinda,-1.0786286952712654,-0.697363733409814
466,Punjab,Faridkot,-1.14528722741712,-0.740460345844328
467,Punjab,Fatehgarh Sahib,-1.9146291355252925,-1.237861488294017
468,Punjab,Fazilka,-0.9917528030404617,-0.6411960300889361
469,Punjab,Ferozepur,-0.8511206633087538,-0.5502734035811644
470,Punjab,Gurdaspur,-1.914135431204972,-1.2375422945904484
471,Punjab,Hoshiarpur,-2.296081028530119,-1.4844808461771186
472,Punjab,Jalandhar,-1.8137247913342631,-1.172623996939656
473,Punjab,Kapurthala,-1.4989557576090649,-0.9691169796660246
474,Punjab,Ludhiana,-2.277211938993606,-1.4722814500522845
475,Punjab,Mansa,-0.33007516875349474,-0.2134028632808834
476,Punjab,Moga,-1.804930938805969,-1.1669385243974628
477,Punjab,Pathankot,-2.368552399499887,-1.531335622103597
478,Punjab,Patiala,-1.840101449212993,-1.1896772467686516
479,Punjab,Rupnagar,-2.6682969828546996,-1.72512891040946
480,Punjab,S.A.S Nagar,-1.4902872122787392,-0.9635125217452497
481,Punjab,Sangrur,-1.8746056837342702,-1.21198520307437
482,Punjab,Shahid Bhagat Singh Nagar,-2.6030796339140068,-1.6829640633775216
483,Punjab,Sri Muktsar Sahib,-0.11226663829591366,-0.07258353348342746
484,Punjab,Tarn Taran,-1.8980613220438154,-1.227149931745844
485,Rajasthan,Ajmer,-0.5990827877704137,-0.38732384121865715
486,Rajasthan,Alwar,-0.6393867602112386,-0.413381490913867
487,Rajasthan,Banswara,1.6480011997911328,1.0654790424068679
488,Rajasthan,Baran,1.5567894165472662,1.0065080638182509
489,Rajasthan,Barmer,-0.03379368824750012,-0.021848568191519608
490,Rajasthan,Bharatpur,0.20825738489724155,0.13464424604945321
491,Rajasthan,Bhilwara,-1.2001566159663226,-0.7759349459697794
492,Rajasthan,Bikaner,0.38667367632280225,0.24999538739691346
493,Rajasthan,Bundi,0.14225907572982838,0.09197448630590442
494,Rajasthan,Chittorgarh,-0.432867811338067,-0.2798611925596257
495,Rajasthan,Churu,-0.5060661219981266,-0.3271859554043161
496,Rajasthan,Dausa,0.9243549193332582,0.5976214061131151
497,Rajasthan,Dholpur,0.965461951243548,0.6241982563007941
498,Rajasthan,Dungarpur,-0.11361651469207068,-0.07345626647059234
499,Rajasthan,Ganganagar,-0.0531236648231489,-0.034345940726308866
500,Rajasthan,Hanumangarh,-0.46270163229428574,-0.29914959537620045
501,Rajasthan,Jaipur,-1.1557763705411412,-0.7472418713510249
502,Rajasthan,Jaisalmer,-0.09025874748276533,-0.058354814213101625
503,Rajasthan,Jalore,0.5832998508623893,0.37711972941020633
504,Rajasthan,Jhalawar,1.5752141606063712,1.0184201781171816
505,Rajasthan,Jhunjhunu,-1.3224454304752211,-0.8549980977420755
506,Rajasthan,Jodhpur,-0.7570116201179843,-0.48942926509786955
507,Rajasthan,Karauli,1.6453163227323997,1.0637431940119262
508,Rajasthan,Kota,-0.23819465636618664,-0.15399953252682277
509,Rajasthan,Nagaur,-0.531064776566128,-0.3433482874062285
510,Rajasthan,Pali,0.7341917994528773,0.4746756103837612
511,Rajasthan,Pratapgarh,0.3471834568482786,0.22446385184009154
512,Rajasthan,Rajsamand,-0.09146957171788572,-0.05913764607434215
513,Rajasthan,Sawai Madhopur,-0.21750073003889403,-0.14062032818544457
514,Rajasthan,Sikar,-1.879637026911614,-1.2152381076907601
515,Rajasthan,Sirohi,0.10623182052198422,0.06868185436833865
516,Rajasthan,Tonk,-0.1892870025297583,-0.12237936126565581
517,Rajasthan,Udaipur,-0.5369845166722278,-0.34717556557832213
518,Sikkim,Gangtok,-2.791592469697829,-1.8048429041076175
519,Sikkim,Gyalshing,-0.8946140975744492,-0.5783931298885678
520,Sikkim,Mangan,-2.4517647968964638,-1.585134773163512
521,Sikkim,Namchi,-3.0016513042541453,-1.9406518379363868
522,Tamil Nadu,Ariyalur,-1.453268139828434,-0.9395786521157005
523,Tamil Nadu,Chennai,-1.6046035289852112,-1.0374212298647154
524,Tamil Nadu,Coimbatore,-3.0882449204611397,-1.9966370418831252
525,Tamil Nadu,Cuddalore,-1.8734438672274218,-1.211234056085323
526,Tamil Nadu,Dharmapuri,-1.1884843220141355,-0.768388480236354
527,Tamil Nadu,Dindigul,-0.7737909451253229,-0.5002775697855837
528,Tamil Nadu,Erode,-1.4459083404784483,-0.9348203352135507
529,Tamil Nadu,Kanchipuram,-1.4713614249420617,-0.9512764689008496
530,Tamil Nadu,Kanniyakumari,-3.2956506623992166,-2.1307306768500633
531,Tamil Nadu,Karur,0.6550045370324726,0.4234788220894278
532,Tamil Nadu,Krishnagiri,-2.1540921042773253,-1.3926810203854734
533,Tamil Nadu,Madurai,-1.6300606844158998,-1.0538799955465186
534,Tamil Nadu,Nagapattinam,-1.0185577534965784,-0.6585261830932947
535,Tamil Nadu,Namakkal,-1.8966746648047192,-1.226253418911117
536,Tamil Nadu,Perambalur,-0.799899996427196,-0.5171578044497316
537,Tamil Nadu,Pudukkottai,-1.0791188713592796,-0.6976806460121435
538,Tamil Nadu,Ramanathapuram,-1.2618276584339967,-0.8158070063062759
539,Tamil Nadu,Salem,-2.2322620085567513,-1.4432200580798848
540,Tamil Nadu,Sivaganga,-0.4136424327352921,-0.26743144555083087
541,Tamil Nadu,Thanjavur,-2.0789171453662534,-1.3440782989531734
542,Tamil Nadu,The Nilgiris,-1.5479413551370884,-1.0007875437120348
543,Tamil Nadu,Theni,-2.300145912127354,-1.4871089075421384
544,Tamil Nadu,Thiruvallur,-1.811826008665864,-1.17139638063724
545,Tamil Nadu,Thiruvarur,-1.9975711558497282,-1.291485832986103
546,Tamil Nadu,Tiruchirappalli,0.23971018153821577,0.15497936209808866
547,Tamil Nadu,Tirunelveli,-1.6862427209180697,-1.0902032594254445
548,Tamil Nadu,Tiruppur,-2.0367650067344014,-1.3168257579291989
549,Tamil Nadu,Tiruvannamalai,-0.7751875227570115,-0.5011804964326317
550,Tamil Nadu,Tuticorin,-1.649489239428485,-1.0664411018083235
551,Tamil Nadu,Vellore,-1.405923900226234,-0.9089692720489708
552,Tamil Nadu,Villupuram,-1.3315047668165252,-0.8608552130226941
553,Tamil Nadu,Virudhunagar,-1.1586471006280874,-0.7490978789464293
554,Telangana,Adilabad,3.2607220030697603,2.10814831799036
555,Telangana,Bhadradri Kothagudem,-0.20985508768344618,-0.1356772057553757
556,Telangana,Hanumakonda,1.0210763909140097,0.6601545528930466
557,Telangana,Hyderabad,-0.9906816945978456,-0.6405035284099949
558,Telangana,Jagitial,-0.31503979431565055,-0.20368207159681587
559,Telangana,Jangoan,0.5162905703492597,0.33379634830917837
560,Telangana,Jayashankar Bhupalapally,1.4373744058515912,0.9293029068916908
561,Telangana,Jogulamba Gadwal,2.1381555083358976,1.382377563698033
562,Telangana,Kamareddy,2.264152131669062,1.4638379179699434
563,Telangana,Karimnagar,-0.5002917382292632,-0.3234526541850463
564,Telangana,Khammam,-0.5839008322028529,-0.37750828071904197
565,Telangana,Kumuram Bheem Asifabad,2.4165894846313973,1.562392946256289
566,Telangana,Mahabubabad,0.32099667896802675,0.20753336476089018
567,Telangana,Mahabubnagar,1.2292790534976157,0.794763419430435
568,Telangana,Mancherial,-0.5495939151999055,-0.35532789572850615
569,Telangana,Medak,1.2827479150950913,0.8293325395625588
570,Telangana,Medchal Malkajgiri,-0.5217962219354434,-0.33735590662783516
571,Telangana,Mulugu,1.4373744058515912,0.9293029068916908
572,Telangana,Nagarkurnool,1.125850142933336,0.7278937250399328
573,Telangana,Nalgonda,0.9150664884316361,0.591616174767545
574,Telangana,Nirmal,0.08036526320456105,0.051958398873025065
575,Telangana,Nizamabad,0.9275619787754963,0.5996948600789804
576,Telangana,Peddapalli,0.758560731038267,0.4904308087982832
577,Telangana,Rajanna Sircilla,-0.8004021032764751,-0.5174824306241687
578,Telangana,Ranga Reddy,0.21995648027083192,0.14220803965425127
579,Telangana,Sangareddy,0.8247396594386359,0.533217343946725
580,Telangana,Siddipet,-0.334698578053175,-0.2163920271928409
581,Telangana,Suryapet,0.6036327586418267,0.39026552512499574
582,Telangana,Vikarabad,0.6323781582252525,0.4088502329672188
583,Telangana,Wanaparthy,0.67370985250392,0.43557233368332837
584,Telangana,Warangal,0.886843800499545,0.5733694146827566
585,Telangana,Yadadri Bhuvanagiri,-0.5109329777018549,-0.3303325142511167
586,The Dadra And Nagar Haveli And Daman And Diu,Dadra And Nagar Haveli,1.7615001173246965,1.1388592790130088
587,The Dadra And Nagar Haveli And Daman And Diu,Daman,0.8224733471363099,0.5317521094177798
588,The Dadra And Nagar Haveli And Daman And Diu,Diu,-0.23626446808401055,-0.1527516116134044
589,Tripura,Dhalai,0.8799937514301492,0.5689406656479714
590,Tripura,Gomati,0.17366785533875628,0.11228114410756758
591,Tripura,Khowai,0.5660608685642766,0.36597424337937695
592,Tripura,North Tripura,0.1507787742415458,0.09748271057965517
593,Tripura,Sepahijala,-0.5508782107411214,-0.35615822885180454
594,Tripura,South Tripura,-1.4122007115936341,-0.9130274068160775
595,Tripura,Unakoti,0.004566845306473089,0.0029525937023455458
596,Tripura,West Tripura,-1.5989777296078114,-1.033783992625953
597,Uttar Pradesh,Agra,-0.002946206903757618,-0.0019048054764438666
598,Uttar Pradesh,Aligarh,-0.8010688103697132,-0.517913475477388
599,Uttar Pradesh,Ambedkar Nagar,-0.584291422750983,-0.3777608084740263
600,Uttar Pradesh,Amethi,0.002846982624585103,0.001840654194290839
601,Uttar Pradesh,Amroha,1.2760164494039432,0.8249804580109749
602,Uttar Pradesh,Auraiya,0.5480398551161567,0.35432315225496663
603,Uttar Pradesh,Ayodhya,-1.028206398618066,-0.664764303044827
604,Uttar Pradesh,Azamgarh,-0.6482725307652587,-0.41912639104024096
605,Uttar Pradesh,Baghpat,-1.4874999372989905,-0.9617104702196054
606,Uttar Pradesh,Bahraich,1.473442275349541,0.9526217971080342
607,Uttar Pradesh,Ballia,1.835102179826822,1.1864450787587093
608,Uttar Pradesh,Balrampur,1.7021573252017936,1.1004924978887753
609,Uttar Pradesh,Banda,3.3387609993073157,2.1586027199605295
610,Uttar Pradesh,Barabanki,0.5763962547590438,0.37265636071466857
611,Uttar Pradesh,Bareilly,0.8847346505461572,0.5720057900246478
612,Uttar Pradesh,Basti,0.9097792930587001,0.5881978545237929
613,Uttar Pradesh,Bhadohi,-0.5942190557440665,-0.38417930191697897
614,Uttar Pradesh,Bijnor,-1.1764726464900868,-0.760622594788766
615,Uttar Pradesh,Budaun,2.06919386288274,1.337791923851688
616,Uttar Pradesh,Bulandshahr,-0.37461914206191577,-0.24220179257272412
617,Uttar Pradesh,Chandauli,0.23166288556294481,0.14977655932659611
618,Uttar Pradesh,Chitrakoot,1.678760322809855,1.0853656789842057
619,Uttar Pradesh,Deoria,1.0288716724734945,0.6651944212695651
620,Uttar Pradesh,Etah,1.053126751606443,0.6808760108772378
621,Uttar Pradesh,Etawah,-0.1089943944612766,-0.07046793597785965
622,Uttar Pradesh,Farrukhabad,0.9653710589916664,0.6241394919082018
623,Uttar Pradesh,Fatehpur,1.880695516703816,1.2159224510579467
624,Uttar Pradesh,Firozabad,0.10588169382284995,0.06845548762773072
625,Uttar Pradesh,Gautam Buddha Nagar,-1.5293155701955499,-0.988745450838497
626,Uttar Pradesh,Ghaziabad,-0.9381007671696482,-0.6065084826465809
627,Uttar Pradesh,Ghazipur,1.5961842630004437,1.0319779380392267
628,Uttar Pradesh,Gonda,-0.0013305347044657587,-0.000860228040478974
629,Uttar Pradesh,Gorakhpur,0.4349250901977519,0.2811912810994026
630,Uttar Pradesh,Hamirpur,1.486819844566455,0.9612707711747859
631,Uttar Pradesh,Hapur,-0.2482568229529809,-0.16050500571506723
632,Uttar Pradesh,Hardoi,1.4571842849065912,0.9421105498523831
633,Uttar Pradesh,Hathras,-0.2833316733828667,-0.18318188122543416
634,Uttar Pradesh,Jalaun,0.7863481728270187,0.5083961700321027
635,Uttar Pradesh,Jaunpur,0.14399239942497555,0.09309512873694185
636,Uttar Pradesh,Jhansi,1.6703550348926495,1.0799314243718223
637,Uttar Pradesh,Kannauj,1.4591754370878047,0.9433978856380576
638,Uttar Pradesh,Kanpur Dehat,0.46519251819578133,0.30076002304179106
639,Uttar Pradesh,Kanpur Nagar,0.5038957070180119,0.32578272118644586
640,Uttar Pradesh,Kasganj,1.5812029444542675,1.0222920950067123
641,Uttar Pradesh,Kaushambi,0.8017308405189593,0.5183414965550137
642,Uttar Pradesh,Kheri,1.0344678456599985,0.6688125043441738
643,Uttar Pradesh,Kushi Nagar,0.35684361457865216,0.2307094150164789
644,Uttar Pradesh,Lalitpur,0.7575688323763015,0.48978951846630425
645,Uttar Pradesh,Lucknow,-1.2937475029194616,-0.8364440818984902
646,Uttar Pradesh,Mahoba,1.3584299774590332,0.8782631176137942
647,Uttar Pradesh,Mahrajganj,0.9511229444935905,0.6149276858770912
648,Uttar Pradesh,Mainpuri,0.7226325053792796,0.4672022022442543
649,Uttar Pradesh,Mathura,-0.8189212688052244,-0.529455591054056
650,Uttar Pradesh,Mau,-0.33053274913669406,-0.2136987018449434
651,Uttar Pradesh,Meerut,-1.4272534725735118,-0.9227594393876875
652,Uttar Pradesh,Mirzapur,-0.2125992646324502,-0.1374513931941897
653,Uttar Pradesh,Moradabad,0.0004998080533067236,0.00032313993830340596
654,Uttar Pradesh,Muzaffarnagar,-0.051674091852558696,-0.033408751104845556
655,Uttar Pradesh,Pilibhit,0.7529495314663895,0.48680301074367277
656,Uttar Pradesh,Pratapgarh,-0.9036702912854282,-0.5842482133704536
657,Uttar Pradesh,Prayagraj,-0.3279333894758491,-0.21201814284859125
658,Uttar Pradesh,Rae Bareli,0.655384220857388,0.42372429834165354
659,Uttar Pradesh,Rampur,0.6016969220072691,0.38901395239318826
660,Uttar Pradesh,Saharanpur,-0.12390288877899974,-0.0801066961021782
661,Uttar Pradesh,Sambhal,0.844650137043835,0.5460900266943708
662,Uttar Pradesh,Sant Kabir Nagar,1.0125239364621612,0.6546251509843958
663,Uttar Pradesh,Shahjahanpur,1.1469896964084167,0.741561039843097
664,Uttar Pradesh,Shamli,-0.010205867658183987,-0.006598379965227771
665,Uttar Pradesh,Shrawasti,1.671441811092061,1.0806340556953957
666,Uttar Pradesh,Siddharth Nagar,1.422573590631525,0.91973376432704
667,Uttar Pradesh,Sitapur,1.328030268993801,0.8586088526356567
668,Uttar Pradesh,Sonbhadra,1.8510249967193242,1.19673962690418
669,Uttar Pradesh,Sultanpur,-0.7917973887921075,-0.5119192411373221
670,Uttar Pradesh,Unnao,0.1603795715745187,0.103689895592612
671,Uttar Pradesh,Varanasi,0.9703733629448139,0.6273736218508882
672,Uttarakhand,Almora,-1.2385277425175905,-0.8007429565337882
673,Uttarakhand,Bageshwar,-3.2211180634160868,-2.082543259145085
674,Uttarakhand,Chamoli,-0.6579615016463327,-0.42539058272746977
675,Uttarakhand,Champawat,-2.6038477324485556,-1.6834606606440583
676,Uttarakhand,Dehradun,-2.2220854376919523,-1.4366406193140722
677,Uttarakhand,Haridwar,-0.5550506908169518,-0.35885585436094913
678,Uttarakhand,Nainital,-2.060844633050718,-1.3323939123651762
679,Uttarakhand,Pauri Garhwal,-1.6552107211735834,-1.0701402003840335
680,Uttarakhand,Pithoragarh,-2.459329528864191,-1.590025584756404
681,Uttarakhand,Rudra Prayag,-2.8821021045052833,-1.863359924019656
682,Uttarakhand,Tehri Garhwal,-1.3675366216360296,-0.8841508187383298
683,Uttarakhand,Udam Singh Nagar,-1.4884453313014345,-0.9623216939836106
684,Uttarakhand,Uttar Kashi,-0.6865922163960552,-0.443901143604989
685,West Bengal,Bankura,0.9859630465621663,0.6374527899814381
686,West Bengal,Birbhum,1.831738548514014,1.18427039668285
687,West Bengal,Coochbehar,-0.8360397975132835,-0.5405232004572463
688,West Bengal,Dakshin Dinajpur,0.4783753159744685,0.3092830719056263
689,West Bengal,Darjeeling,0.3945168283930234,0.25506620540256164
690,West Bengal,Hooghly,0.1473909108023875,0.09529236175380656
691,West Bengal,Howrah,-0.22585347361155755,-0.14602061140392741
692,West Bengal,Jalpaiguri,-0.4979099566330133,-0.32191276551584136
693,West Bengal,Kolkata,0.992680583186185,0.6417958660000718
694,West Bengal,Malda,1.0330574199219282,0.667900624507572
695,West Bengal,Murshidabad,0.572371140812806,0.3700540115455299
696,West Bengal,Nadia,-0.8547561986481307,-0.5526238792437589
697,West Bengal,North 24 Parganas,-1.0966636003638215,-0.7090238058723527
698,West Bengal,Paschim Bardhaman,1.8763990847122525,1.2131446871553977
699,West Bengal,Paschim Medinipur,1.3901828978975292,0.8987922721233408
700,West Bengal,Purba Bardhaman,0.45266409590695916,0.2926600463033913
701,West Bengal,Purba Medinipur,-0.5534292906651566,-0.3578075736428817
702,West Bengal,Purulia,2.444752525244267,1.5806011426746347
703,West Bengal,South 24 Parganas,0.6902353152742275,0.44625650930775707
704,West Bengal,Uttar Dinajpur,0.9798638928050375,0.633509515847013
