Country,State,District,Year,As On Date,"Number Of Block (UOM:Number), Scaling Factor:1","Number Of Har Ghar Jal Block Reported (UOM:Number), Scaling Factor:1","Number Of Har Ghar Jal Block Certified (UOM:Number), Scaling Factor:1","Number Of Panchayats (UOM:Number), Scaling Factor:1","Number Of Har Ghar Jal Panchayat Reported (UOM:Number), Scaling Factor:1","Number Of Har Ghar Jal Panchayat Certified (UOM:Number), Scaling Factor:1","Number Of Villages (UOM:Number), Scaling Factor:1","Number Of Har Ghar Jal Village Reported (UOM:Number), Scaling Factor:1","Number Of Har Ghar Jal Village Certifiied (UOM:Number), Scaling Factor:1"
India,Andaman and Nicobar Islands,Nicobars,"Financial Year (Apr - Mar), 2025",22-Apr-2026,3,3,3,10,10,10,62,62,62
India,Andaman and Nicobar Islands,North and Middle Andaman,"Financial Year (Apr - Mar), 2025",22-Apr-2026,3,3,3,37,37,37,114,114,114
India,Andaman and Nicobar Islands,South Andamans,"Financial Year (Apr - Mar), 2025",22-Apr-2026,3,3,3,28,28,28,89,89,89
India,Andhra Pradesh,Alluri Sitharama Raju,"Financial Year (Apr - Mar), 2025",22-Apr-2026,22,0,0,429,22,0,2878,554,30
India,Andhra Pradesh,Anakapalli,"Financial Year (Apr - Mar), 2025",22-Apr-2026,24,0,0,572,33,6,669,39,10
India,Andhra Pradesh,Ananthapuramu,"Financial Year (Apr - Mar), 2025",22-Apr-2026,31,0,0,435,78,37,494,106,52
India,Andhra Pradesh,Annamayya,"Financial Year (Apr - Mar), 2025",22-Apr-2026,30,29,26,409,408,405,438,437,434
India,Andhra Pradesh,Bapatla,"Financial Year (Apr - Mar), 2025",22-Apr-2026,25,0,0,260,9,8,265,10,9
India,Andhra Pradesh,Chittoor,"Financial Year (Apr - Mar), 2025",22-Apr-2026,31,30,25,545,544,536,759,758,750
India,Andhra Pradesh,Dr. B.R. Ambedkar Konaseema,"Financial Year (Apr - Mar), 2025",22-Apr-2026,22,0,0,319,25,20,314,27,22
India,Andhra Pradesh,East Godavari,"Financial Year (Apr - Mar), 2025",22-Apr-2026,18,0,0,252,37,34,258,39,36
India,Andhra Pradesh,Eluru,"Financial Year (Apr - Mar), 2025",22-Apr-2026,27,3,2,454,220,203,603,325,306
India,Andhra Pradesh,Guntur,"Financial Year (Apr - Mar), 2025",22-Apr-2026,16,0,0,186,27,21,187,28,22
India,Andhra Pradesh,Kakinada,"Financial Year (Apr - Mar), 2025",22-Apr-2026,20,0,0,349,57,44,389,75,61
India,Andhra Pradesh,Krishna,"Financial Year (Apr - Mar), 2025",22-Apr-2026,25,0,0,431,50,20,478,56,20
India,Andhra Pradesh,Kurnool,"Financial Year (Apr - Mar), 2025",22-Apr-2026,25,0,0,431,16,12,439,15,12
India,Andhra Pradesh,Nandyal,"Financial Year (Apr - Mar), 2025",22-Apr-2026,28,0,0,420,71,62,427,91,80
India,Andhra Pradesh,Ntr,"Financial Year (Apr - Mar), 2025",22-Apr-2026,16,0,0,264,25,22,277,27,22
India,Andhra Pradesh,Palnadu,"Financial Year (Apr - Mar), 2025",22-Apr-2026,28,0,0,345,14,10,334,16,11
India,Andhra Pradesh,Parvathipuram Manyam,"Financial Year (Apr - Mar), 2025",22-Apr-2026,15,0,0,437,3,0,898,96,4
India,Andhra Pradesh,Prakasam,"Financial Year (Apr - Mar), 2025",22-Apr-2026,38,0,0,604,69,24,748,117,43
India,Andhra Pradesh,Sri Potti Sriramulu Nellore,"Financial Year (Apr - Mar), 2025",22-Apr-2026,37,0,0,584,122,78,683,164,103
India,Andhra Pradesh,Sri Sathya Sai,"Financial Year (Apr - Mar), 2025",22-Apr-2026,32,0,0,374,56,33,424,91,52
India,Andhra Pradesh,Srikakulam,"Financial Year (Apr - Mar), 2025",22-Apr-2026,30,0,0,825,11,2,1250,57,26
India,Andhra Pradesh,Tirupati,"Financial Year (Apr - Mar), 2025",22-Apr-2026,33,27,26,647,641,639,908,902,898
India,Andhra Pradesh,Visakhapatnam,"Financial Year (Apr - Mar), 2025",22-Apr-2026,4,0,0,69,3,2,79,5,3
India,Andhra Pradesh,Vizianagaram,"Financial Year (Apr - Mar), 2025",22-Apr-2026,27,0,0,727,66,48,926,139,103
India,Andhra Pradesh,West Godavari,"Financial Year (Apr - Mar), 2025",22-Apr-2026,20,0,0,289,27,20,294,29,21
India,Andhra Pradesh,Y.S.R.,"Financial Year (Apr - Mar), 2025",22-Apr-2026,35,35,33,453,453,450,583,583,580
India,Arunachal Pradesh,Anjaw,"Financial Year (Apr - Mar), 2025",22-Apr-2026,4,4,4,43,43,43,266,266,266
India,Arunachal Pradesh,Changlang,"Financial Year (Apr - Mar), 2025",22-Apr-2026,9,9,9,133,133,133,287,287,287
India,Arunachal Pradesh,Dibang Valley,"Financial Year (Apr - Mar), 2025",22-Apr-2026,3,3,3,20,20,20,140,140,140
India,Arunachal Pradesh,East Kameng,"Financial Year (Apr - Mar), 2025",22-Apr-2026,7,7,7,126,126,126,267,267,267
India,Arunachal Pradesh,East Siang,"Financial Year (Apr - Mar), 2025",22-Apr-2026,3,3,3,62,62,62,71,71,71
India,Arunachal Pradesh,Kamle,"Financial Year (Apr - Mar), 2025",22-Apr-2026,2,2,2,62,62,62,226,226,226
India,Arunachal Pradesh,Kra Daadi,"Financial Year (Apr - Mar), 2025",22-Apr-2026,6,6,6,87,87,87,318,318,318
India,Arunachal Pradesh,Kurung Kumey,"Financial Year (Apr - Mar), 2025",22-Apr-2026,6,6,6,91,91,91,368,368,368
India,Arunachal Pradesh,Leparada,"Financial Year (Apr - Mar), 2025",22-Apr-2026,3,3,3,46,46,46,71,71,71
India,Arunachal Pradesh,Lohit,"Financial Year (Apr - Mar), 2025",22-Apr-2026,2,2,2,32,32,32,106,106,106
India,Arunachal Pradesh,Longding,"Financial Year (Apr - Mar), 2025",22-Apr-2026,4,4,4,48,48,48,76,76,76
India,Arunachal Pradesh,Lower Dibang Valley,"Financial Year (Apr - Mar), 2025",22-Apr-2026,3,3,3,59,59,59,252,252,252
India,Arunachal Pradesh,Lower Siang,"Financial Year (Apr - Mar), 2025",22-Apr-2026,3,3,3,56,56,56,106,106,106
India,Arunachal Pradesh,Lower Subansiri,"Financial Year (Apr - Mar), 2025",22-Apr-2026,4,4,4,154,154,154,372,372,372
India,Arunachal Pradesh,Namsai,"Financial Year (Apr - Mar), 2025",22-Apr-2026,3,3,3,112,112,112,161,161,161
India,Arunachal Pradesh,Pakke Kessang,"Financial Year (Apr - Mar), 2025",22-Apr-2026,2,2,2,28,28,28,70,70,70
India,Arunachal Pradesh,Papum Pare,"Financial Year (Apr - Mar), 2025",22-Apr-2026,6,6,6,97,97,97,455,455,455
India,Arunachal Pradesh,Shi Yomi,"Financial Year (Apr - Mar), 2025",22-Apr-2026,2,2,2,37,37,37,107,107,107
India,Arunachal Pradesh,Siang,"Financial Year (Apr - Mar), 2025",22-Apr-2026,6,6,6,75,75,75,93,93,93
India,Arunachal Pradesh,Tawang,"Financial Year (Apr - Mar), 2025",22-Apr-2026,6,6,6,84,84,84,229,229,229
India,Arunachal Pradesh,Tirap,"Financial Year (Apr - Mar), 2025",22-Apr-2026,5,5,5,65,65,65,112,112,112
India,Arunachal Pradesh,Upper Siang,"Financial Year (Apr - Mar), 2025",22-Apr-2026,6,6,6,60,60,60,94,94,94
India,Arunachal Pradesh,Upper Subansiri,"Financial Year (Apr - Mar), 2025",22-Apr-2026,10,10,10,145,145,145,473,473,473
India,Arunachal Pradesh,West Kameng,"Financial Year (Apr - Mar), 2025",22-Apr-2026,5,5,5,125,125,125,279,279,279
India,Arunachal Pradesh,West Siang,"Financial Year (Apr - Mar), 2025",22-Apr-2026,4,4,4,75,75,75,134,134,134
India,Assam,Bajali,"Financial Year (Apr - Mar), 2025",22-Apr-2026,2,0,0,27,0,0,162,59,58
India,Assam,Baksa,"Financial Year (Apr - Mar), 2025",22-Apr-2026,5,0,0,57,0,0,394,65,35
India,Assam,Barpeta,"Financial Year (Apr - Mar), 2025",22-Apr-2026,9,0,0,99,4,1,550,213,127
India,Assam,Biswanath,"Financial Year (Apr - Mar), 2025",22-Apr-2026,7,0,0,76,1,0,890,240,191
India,Assam,Bongaigaon,"Financial Year (Apr - Mar), 2025",22-Apr-2026,5,0,0,65,0,0,530,129,112
India,Assam,Cachar,"Financial Year (Apr - Mar), 2025",22-Apr-2026,15,0,0,162,8,1,1003,434,87
India,Assam,Charaideo,"Financial Year (Apr - Mar), 2025",22-Apr-2026,5,0,0,39,0,0,339,98,71
India,Assam,Chirang,"Financial Year (Apr - Mar), 2025",22-Apr-2026,3,0,0,67,1,0,502,76,40
India,Assam,Darrang,"Financial Year (Apr - Mar), 2025",22-Apr-2026,6,0,0,75,0,0,516,77,53
India,Assam,Dhemaji,"Financial Year (Apr - Mar), 2025",22-Apr-2026,5,0,0,65,0,0,1242,422,302
India,Assam,Dhubri,"Financial Year (Apr - Mar), 2025",22-Apr-2026,13,0,0,128,3,2,786,304,168
India,Assam,Dibrugarh,"Financial Year (Apr - Mar), 2025",22-Apr-2026,7,0,0,93,0,0,1312,348,122
India,Assam,Dima Hasao,"Financial Year (Apr - Mar), 2025",22-Apr-2026,5,0,0,38,7,1,614,469,245
India,Assam,Goalpara,"Financial Year (Apr - Mar), 2025",22-Apr-2026,8,0,0,81,1,1,732,164,138
India,Assam,Golaghat,"Financial Year (Apr - Mar), 2025",22-Apr-2026,8,0,0,102,2,2,1010,333,291
India,Assam,Hailakandi,"Financial Year (Apr - Mar), 2025",22-Apr-2026,5,0,0,62,4,2,329,156,112
India,Assam,Hojai,"Financial Year (Apr - Mar), 2025",22-Apr-2026,5,0,0,67,0,0,400,66,33
India,Assam,Jorhat,"Financial Year (Apr - Mar), 2025",22-Apr-2026,6,0,0,90,3,2,575,180,135
India,Assam,Kamrup,"Financial Year (Apr - Mar), 2025",22-Apr-2026,14,0,0,139,1,0,1023,195,160
India,Assam,Kamrup Metro,"Financial Year (Apr - Mar), 2025",22-Apr-2026,4,0,0,22,0,0,211,125,8
India,Assam,Karbi Anglong,"Financial Year (Apr - Mar), 2025",22-Apr-2026,7,0,0,64,0,0,1919,700,88
India,Assam,Karimganj,"Financial Year (Apr - Mar), 2025",22-Apr-2026,7,0,0,95,11,10,887,603,494
India,Assam,Kokrajhar,"Financial Year (Apr - Mar), 2025",22-Apr-2026,9,0,0,133,0,0,1049,302,262
India,Assam,Lakhimpur,"Financial Year (Apr - Mar), 2025",22-Apr-2026,9,0,0,81,0,0,1103,491,355
India,Assam,Majuli,"Financial Year (Apr - Mar), 2025",22-Apr-2026,2,0,0,21,0,0,201,66,41
India,Assam,Marigaon,"Financial Year (Apr - Mar), 2025",22-Apr-2026,7,0,0,85,1,1,544,73,44
India,Assam,Nagaon,"Financial Year (Apr - Mar), 2025",22-Apr-2026,15,0,0,172,2,1,956,211,181
India,Assam,Nalbari,"Financial Year (Apr - Mar), 2025",22-Apr-2026,7,0,0,65,0,0,456,61,44
India,Assam,Sivasagar,"Financial Year (Apr - Mar), 2025",22-Apr-2026,5,0,0,79,16,2,516,386,255
India,Assam,Sonitpur,"Financial Year (Apr - Mar), 2025",22-Apr-2026,7,0,0,82,1,0,882,232,139
India,Assam,South Salmara Mancachar,"Financial Year (Apr - Mar), 2025",22-Apr-2026,3,0,0,35,0,0,145,26,26
India,Assam,Tamulpur,"Financial Year (Apr - Mar), 2025",22-Apr-2026,3,0,0,44,0,0,286,42,28
India,Assam,Tinsukia,"Financial Year (Apr - Mar), 2025",22-Apr-2026,7,0,0,85,2,0,1122,534,215
India,Assam,Udalguri,"Financial Year (Apr - Mar), 2025",22-Apr-2026,11,0,0,114,1,1,785,107,63
India,Assam,West Karbi Anglong,"Financial Year (Apr - Mar), 2025",22-Apr-2026,4,0,0,14,0,0,515,202,34
India,Bihar,Araria,"Financial Year (Apr - Mar), 2025",22-Apr-2026,9,0,0,217,111,0,704,524,0
India,Bihar,Arwal,"Financial Year (Apr - Mar), 2025",22-Apr-2026,5,0,0,64,55,0,298,288,0
India,Bihar,Aurangabad,"Financial Year (Apr - Mar), 2025",22-Apr-2026,11,0,0,203,88,0,1692,1398,0
India,Bihar,Banka,"Financial Year (Apr - Mar), 2025",22-Apr-2026,11,7,0,183,178,0,1426,1420,0
India,Bihar,Begusarai,"Financial Year (Apr - Mar), 2025",22-Apr-2026,18,3,0,226,108,0,706,444,4
India,Bihar,Bhagalpur,"Financial Year (Apr - Mar), 2025",22-Apr-2026,16,2,0,235,169,0,896,765,0
India,Bihar,Bhojpur,"Financial Year (Apr - Mar), 2025",22-Apr-2026,14,1,0,225,156,0,974,853,0
India,Bihar,Buxar,"Financial Year (Apr - Mar), 2025",22-Apr-2026,11,2,0,139,103,9,802,714,38
India,Bihar,Darbhanga,"Financial Year (Apr - Mar), 2025",22-Apr-2026,18,0,0,315,91,0,1113,616,0
India,Bihar,Gaya,"Financial Year (Apr - Mar), 2025",22-Apr-2026,24,3,0,331,271,0,2641,2558,0
India,Bihar,Gopalganj,"Financial Year (Apr - Mar), 2025",22-Apr-2026,14,1,0,233,183,0,1335,1260,0
India,Bihar,Jamui,"Financial Year (Apr - Mar), 2025",22-Apr-2026,10,3,0,153,135,0,1249,1216,0
India,Bihar,Jehanabad,"Financial Year (Apr - Mar), 2025",22-Apr-2026,7,4,0,92,89,0,527,520,0
India,Bihar,Kaimur (Bhabua),"Financial Year (Apr - Mar), 2025",22-Apr-2026,11,2,0,148,115,0,1248,1187,0
India,Bihar,Katihar,"Financial Year (Apr - Mar), 2025",22-Apr-2026,16,9,0,235,209,0,1237,1198,0
India,Bihar,Khagaria,"Financial Year (Apr - Mar), 2025",22-Apr-2026,7,7,0,124,124,15,235,235,32
India,Bihar,Kishanganj,"Financial Year (Apr - Mar), 2025",22-Apr-2026,7,0,0,125,98,1,694,653,8
India,Bihar,Lakhisarai,"Financial Year (Apr - Mar), 2025",22-Apr-2026,7,1,0,80,59,0,354,321,0
India,Bihar,Madhepura,"Financial Year (Apr - Mar), 2025",22-Apr-2026,13,13,0,150,150,0,377,377,0
India,Bihar,Madhubani,"Financial Year (Apr - Mar), 2025",22-Apr-2026,21,0,0,377,78,0,987,375,0
India,Bihar,Munger,"Financial Year (Apr - Mar), 2025",22-Apr-2026,9,3,0,98,80,0,497,473,0
India,Bihar,Muzaffarpur,"Financial Year (Apr - Mar), 2025",22-Apr-2026,16,0,0,373,285,0,1665,1508,1
India,Bihar,Nalanda,"Financial Year (Apr - Mar), 2025",22-Apr-2026,20,9,0,249,217,1,977,914,1
India,Bihar,Nawada,"Financial Year (Apr - Mar), 2025",22-Apr-2026,14,1,0,184,118,0,941,817,5
India,Bihar,Pashchim Champaran,"Financial Year (Apr - Mar), 2025",22-Apr-2026,18,2,0,303,198,1,1268,984,1
India,Bihar,Patna,"Financial Year (Apr - Mar), 2025",22-Apr-2026,23,7,0,318,249,1,1240,1100,3
India,Bihar,Purbi Champaran,"Financial Year (Apr - Mar), 2025",22-Apr-2026,27,1,0,395,239,2,1244,957,6
India,Bihar,Purnia,"Financial Year (Apr - Mar), 2025",22-Apr-2026,14,0,0,235,124,0,1049,870,0
India,Bihar,Rohtas,"Financial Year (Apr - Mar), 2025",22-Apr-2026,19,4,0,248,185,0,1639,1525,0
India,Bihar,Saharsa,"Financial Year (Apr - Mar), 2025",22-Apr-2026,10,0,0,144,30,0,413,174,0
India,Bihar,Samastipur,"Financial Year (Apr - Mar), 2025",22-Apr-2026,20,8,0,361,325,0,982,924,0
India,Bihar,Saran,"Financial Year (Apr - Mar), 2025",22-Apr-2026,20,6,0,319,267,0,1500,1384,0
India,Bihar,Sheikhpura,"Financial Year (Apr - Mar), 2025",22-Apr-2026,6,6,0,54,54,0,244,244,0
India,Bihar,Sheohar,"Financial Year (Apr - Mar), 2025",22-Apr-2026,5,0,0,53,21,0,181,122,0
India,Bihar,Sitamarhi,"Financial Year (Apr - Mar), 2025",22-Apr-2026,17,1,0,262,185,0,812,680,0
India,Bihar,Siwan,"Financial Year (Apr - Mar), 2025",22-Apr-2026,19,3,0,291,145,0,1347,969,0
India,Bihar,Supaul,"Financial Year (Apr - Mar), 2025",22-Apr-2026,11,5,0,174,159,0,512,493,0
India,Bihar,Vaishali,"Financial Year (Apr - Mar), 2025",22-Apr-2026,16,9,0,283,264,1,1301,1277,10
India,Chhattisgarh,Balod,"Financial Year (Apr - Mar), 2025",22-Apr-2026,5,0,0,437,146,97,690,312,222
India,Chhattisgarh,Balodabazar-Bhatapara,"Financial Year (Apr - Mar), 2025",22-Apr-2026,5,0,0,520,214,207,736,356,343
India,Chhattisgarh,Balrampur Ramanujganj,"Financial Year (Apr - Mar), 2025",22-Apr-2026,6,0,0,468,34,28,635,72,62
India,Chhattisgarh,Bastar,"Financial Year (Apr - Mar), 2025",22-Apr-2026,7,0,0,432,61,26,616,126,71
India,Chhattisgarh,Bemetara,"Financial Year (Apr - Mar), 2025",22-Apr-2026,4,0,0,429,150,120,688,316,271
India,Chhattisgarh,Bijapur,"Financial Year (Apr - Mar), 2025",22-Apr-2026,4,0,0,170,8,8,565,102,89
India,Chhattisgarh,Bilaspur,"Financial Year (Apr - Mar), 2025",22-Apr-2026,4,0,0,483,94,83,668,162,145
India,Chhattisgarh,Dakshin Bastar Dantewada,"Financial Year (Apr - Mar), 2025",22-Apr-2026,4,0,0,143,24,17,225,63,45
India,Chhattisgarh,Dhamtari,"Financial Year (Apr - Mar), 2025",22-Apr-2026,4,1,0,370,358,279,622,609,501
India,Chhattisgarh,Durg,"Financial Year (Apr - Mar), 2025",22-Apr-2026,3,0,0,304,114,99,385,159,139
India,Chhattisgarh,Gariyaband,"Financial Year (Apr - Mar), 2025",22-Apr-2026,5,0,0,336,93,90,666,281,269
India,Chhattisgarh,Gaurela Pendra Marwahi,"Financial Year (Apr - Mar), 2025",22-Apr-2026,3,0,0,165,28,24,222,59,55
India,Chhattisgarh,Janjgir-Champa,"Financial Year (Apr - Mar), 2025",22-Apr-2026,5,0,0,336,180,168,425,245,226
India,Chhattisgarh,Jashpur,"Financial Year (Apr - Mar), 2025",22-Apr-2026,8,0,0,444,15,15,755,77,72
India,Chhattisgarh,Kabeerdham,"Financial Year (Apr - Mar), 2025",22-Apr-2026,4,0,0,468,87,75,959,346,309
India,Chhattisgarh,Khairagarh Chhuikhadan Gandai,"Financial Year (Apr - Mar), 2025",22-Apr-2026,2,0,0,221,57,44,441,183,139
India,Chhattisgarh,Kondagaon,"Financial Year (Apr - Mar), 2025",22-Apr-2026,5,0,0,383,58,48,571,150,135
India,Chhattisgarh,Korba,"Financial Year (Apr - Mar), 2025",22-Apr-2026,5,0,0,412,49,43,703,140,115
India,Chhattisgarh,Korea,"Financial Year (Apr - Mar), 2025",22-Apr-2026,2,0,0,130,4,4,243,33,31
India,Chhattisgarh,Mahasamund,"Financial Year (Apr - Mar), 2025",22-Apr-2026,5,0,0,551,93,72,1119,350,277
India,Chhattisgarh,Manendragarh Chirmiri Bharatpur Mcb,"Financial Year (Apr - Mar), 2025",22-Apr-2026,3,0,0,233,11,9,392,40,38
India,Chhattisgarh,Mohla Manpur Ambagarh Chouki,"Financial Year (Apr - Mar), 2025",22-Apr-2026,3,0,0,185,28,23,492,166,153
India,Chhattisgarh,Mungeli,"Financial Year (Apr - Mar), 2025",22-Apr-2026,3,0,0,370,78,69,673,264,245
India,Chhattisgarh,Narayanpur,"Financial Year (Apr - Mar), 2025",22-Apr-2026,2,0,0,104,7,5,378,92,71
India,Chhattisgarh,Raigarh,"Financial Year (Apr - Mar), 2025",22-Apr-2026,10.00000000000000000000,0.00000000000000000000,0.00000000000000000000,898.00000000000000000000,248.00000000000000000000,207.00000000000000000000,1625.00000000000000000000,687.00000000000000000000,590.00000000000000000000
India,Chhattisgarh,Raipur,"Financial Year (Apr - Mar), 2025",22-Apr-2026,4,0,0,410,361,256,477,424,304
India,Chhattisgarh,Rajnandgaon,"Financial Year (Apr - Mar), 2025",22-Apr-2026,4,0,0,408,138,117,662,314,277
India,Chhattisgarh,Sakti,"Financial Year (Apr - Mar), 2025",22-Apr-2026,4,0,0,321,127,112,456,235,206
India,Chhattisgarh,Sukma,"Financial Year (Apr - Mar), 2025",22-Apr-2026,3,0,0,153,26,16,391,100,80
India,Chhattisgarh,Surajpur,"Financial Year (Apr - Mar), 2025",22-Apr-2026,6,0,0,481,45,37,543,58,49
India,Chhattisgarh,Surguja,"Financial Year (Apr - Mar), 2025",22-Apr-2026,7,0,0,439,42,37,569,83,70
India,Chhattisgarh,Uttar Bastar Kanker,"Financial Year (Apr - Mar), 2025",22-Apr-2026,7,0,0,454,77,53,1066,277,224
India,Goa,North Goa,"Financial Year (Apr - Mar), 2025",22-Apr-2026,5,5,5,102,102,102,197,197,197
India,Goa,South Goa,"Financial Year (Apr - Mar), 2025",22-Apr-2026,7,7,7,89,89,89,176,176,176
India,Gujarat,Ahmadabad,"Financial Year (Apr - Mar), 2025",22-Apr-2026,9,9,7,468,468,465,471,471,468
India,Gujarat,Amreli,"Financial Year (Apr - Mar), 2025",22-Apr-2026,11,11,5,604,604,591,611,611,598
India,Gujarat,Anand,"Financial Year (Apr - Mar), 2025",22-Apr-2026,8,8,8,338,338,338,350,350,350
India,Gujarat,Arvalli,"Financial Year (Apr - Mar), 2025",22-Apr-2026,6,6,4,308,308,306,673,673,671
India,Gujarat,Banas Kantha,"Financial Year (Apr - Mar), 2025",22-Apr-2026,14,14,12,809,809,807,1244,1244,1241
India,Gujarat,Bharuch,"Financial Year (Apr - Mar), 2025",22-Apr-2026,9,9,7,541,541,538,658,658,655
India,Gujarat,Bhavnagar,"Financial Year (Apr - Mar), 2025",22-Apr-2026,10,10,5,646,646,629,675,675,657
India,Gujarat,Botad,"Financial Year (Apr - Mar), 2025",22-Apr-2026,4,4,4,177,177,177,185,185,185
India,Gujarat,Chhotaudepur,"Financial Year (Apr - Mar), 2025",22-Apr-2026,6,6,3,325,325,310,879,879,850
India,Gujarat,Dang,"Financial Year (Apr - Mar), 2025",22-Apr-2026,3,3,3,74,74,74,310,310,310
India,Gujarat,Devbhumi Dwarka,"Financial Year (Apr - Mar), 2025",22-Apr-2026,4,4,3,241,241,240,247,247,246
India,Gujarat,Dohad,"Financial Year (Apr - Mar), 2025",22-Apr-2026,9,9,0,499,499,248,710,710,400
India,Gujarat,Gandhinagar,"Financial Year (Apr - Mar), 2025",22-Apr-2026,4,4,4,262,262,262,271,271,271
India,Gujarat,Gir Somnath,"Financial Year (Apr - Mar), 2025",22-Apr-2026,6,6,5,332,332,331,343,343,341
India,Gujarat,Jamnagar,"Financial Year (Apr - Mar), 2025",22-Apr-2026,6,6,6,410,410,410,419,419,419
India,Gujarat,Junagadh,"Financial Year (Apr - Mar), 2025",22-Apr-2026,9,9,7,491,491,485,506,506,497
India,Gujarat,Kachchh,"Financial Year (Apr - Mar), 2025",22-Apr-2026,10,10,6,710,710,705,899,899,894
India,Gujarat,Kheda,"Financial Year (Apr - Mar), 2025",22-Apr-2026,10,10,8,476,476,474,521,521,519
India,Gujarat,Mahesana,"Financial Year (Apr - Mar), 2025",22-Apr-2026,10,10,10,557,557,557,605,605,605
India,Gujarat,Mahisagar,"Financial Year (Apr - Mar), 2025",22-Apr-2026,6,6,0,310,310,39,700,700,183
India,Gujarat,Morbi,"Financial Year (Apr - Mar), 2025",22-Apr-2026,5,5,5,331,331,331,344,344,344
India,Gujarat,Narmada,"Financial Year (Apr - Mar), 2025",22-Apr-2026,5,5,5,218,218,218,545,545,545
India,Gujarat,Navsari,"Financial Year (Apr - Mar), 2025",22-Apr-2026,6,6,3,367,367,357,396,396,386
India,Gujarat,Panch Mahals,"Financial Year (Apr - Mar), 2025",22-Apr-2026,7,7,0,462,462,367,624,624,512
India,Gujarat,Patan,"Financial Year (Apr - Mar), 2025",22-Apr-2026,9,9,8,456,456,450,524,524,518
India,Gujarat,Porbandar,"Financial Year (Apr - Mar), 2025",22-Apr-2026,3,3,3,146,146,146,148,148,148
India,Gujarat,Rajkot,"Financial Year (Apr - Mar), 2025",22-Apr-2026,11,11,10,586,586,583,591,591,588
India,Gujarat,Sabar Kantha,"Financial Year (Apr - Mar), 2025",22-Apr-2026,8,8,7,427,427,413,696,696,677
India,Gujarat,Surat,"Financial Year (Apr - Mar), 2025",22-Apr-2026,9,9,6,549,549,531,709,709,690
India,Gujarat,Surendranagar,"Financial Year (Apr - Mar), 2025",22-Apr-2026,10,10,7,539,539,532,570,570,563
India,Gujarat,Tapi,"Financial Year (Apr - Mar), 2025",22-Apr-2026,7,7,7,279,279,279,479,479,479
India,Gujarat,Vadodara,"Financial Year (Apr - Mar), 2025",22-Apr-2026,8,8,8,527,527,527,659,659,659
India,Gujarat,Valsad,"Financial Year (Apr - Mar), 2025",22-Apr-2026,6,6,5,340,340,339,461,461,460
India,Haryana,Ambala,"Financial Year (Apr - Mar), 2025",22-Apr-2026,6,6,6,393,393,393,444,444,444
India,Haryana,Bhiwani,"Financial Year (Apr - Mar), 2025",22-Apr-2026,7,7,7,296,296,296,313,313,313
India,Haryana,Charki Dadri,"Financial Year (Apr - Mar), 2025",22-Apr-2026,4,4,4,163,163,163,170,170,170
India,Haryana,Faridabad,"Financial Year (Apr - Mar), 2025",22-Apr-2026,3,3,3,99,99,99,120,120,120
India,Haryana,Fatehabad,"Financial Year (Apr - Mar), 2025",22-Apr-2026,7,7,7,254,254,254,275,275,275
India,Haryana,Gurugram,"Financial Year (Apr - Mar), 2025",22-Apr-2026,4,4,4,159,159,159,173,173,173
India,Haryana,Hisar,"Financial Year (Apr - Mar), 2025",22-Apr-2026,9,9,9,250,250,250,260,260,260
India,Haryana,Jhajjar,"Financial Year (Apr - Mar), 2025",22-Apr-2026,7,7,7,244,244,244,247,247,247
India,Haryana,Jind,"Financial Year (Apr - Mar), 2025",22-Apr-2026,8,8,8,297,297,297,300,300,300
India,Haryana,Kaithal,"Financial Year (Apr - Mar), 2025",22-Apr-2026,7,7,7,270,270,270,283,283,283
India,Haryana,Karnal,"Financial Year (Apr - Mar), 2025",22-Apr-2026,9,9,9,377,377,377,427,427,427
India,Haryana,Kurukshetra,"Financial Year (Apr - Mar), 2025",22-Apr-2026,7,7,7,389,389,389,420,420,420
India,Haryana,Mahendragarh,"Financial Year (Apr - Mar), 2025",22-Apr-2026,8,8,8,338,338,338,362,362,362
India,Haryana,Nuh,"Financial Year (Apr - Mar), 2025",22-Apr-2026,7,7,7,317,317,317,414,414,414
India,Haryana,Palwal,"Financial Year (Apr - Mar), 2025",22-Apr-2026,6,6,6,259,259,259,279,279,279
India,Haryana,Panchkula,"Financial Year (Apr - Mar), 2025",22-Apr-2026,4,4,4,127,127,127,165,165,165
India,Haryana,Panipat,"Financial Year (Apr - Mar), 2025",22-Apr-2026,6,6,6,171,171,171,178,178,178
India,Haryana,Rewari,"Financial Year (Apr - Mar), 2025",22-Apr-2026,7,7,7,357,357,357,394,394,394
India,Haryana,Rohtak,"Financial Year (Apr - Mar), 2025",22-Apr-2026,5,5,5,126,126,126,127,127,127
India,Haryana,Sirsa,"Financial Year (Apr - Mar), 2025",22-Apr-2026,7,7,7,315,315,315,334,334,334
India,Haryana,Sonipat,"Financial Year (Apr - Mar), 2025",22-Apr-2026,8,8,8,304,304,304,314,314,314
India,Haryana,Yamunanagar,"Financial Year (Apr - Mar), 2025",22-Apr-2026,7,7,7,471,471,471,601,601,601
India,Himachal Pradesh,Bilaspur,"Financial Year (Apr - Mar), 2025",22-Apr-2026,4,4,4,173,173,173,951,951,951
India,Himachal Pradesh,Chamba,"Financial Year (Apr - Mar), 2025",22-Apr-2026,7,7,7,307,307,307,1114,1114,1114
India,Himachal Pradesh,Hamirpur,"Financial Year (Apr - Mar), 2025",22-Apr-2026,6,6,6,248,248,248,1675,1675,1675
India,Himachal Pradesh,Kangra,"Financial Year (Apr - Mar), 2025",22-Apr-2026,16,16,3,813,813,695,3579,3579,3179
India,Himachal Pradesh,Kinnaur,"Financial Year (Apr - Mar), 2025",22-Apr-2026,3,3,1,72,72,53,210,210,165
India,Himachal Pradesh,Kullu,"Financial Year (Apr - Mar), 2025",22-Apr-2026,6,6,2,168,168,115,313,313,248
India,Himachal Pradesh,Lahul and Spiti,"Financial Year (Apr - Mar), 2025",22-Apr-2026,2,2,1,45,45,43,264,264,260
India,Himachal Pradesh,Mandi,"Financial Year (Apr - Mar), 2025",22-Apr-2026,14,14,13,560,560,559,3007,3007,3006
India,Himachal Pradesh,Shimla,"Financial Year (Apr - Mar), 2025",22-Apr-2026,13,13,4,413,413,234,2536,2536,1621
India,Himachal Pradesh,Sirmaur,"Financial Year (Apr - Mar), 2025",22-Apr-2026,7,7,2,254,254,198,968,968,731
India,Himachal Pradesh,Solan,"Financial Year (Apr - Mar), 2025",22-Apr-2026,5,5,0,240,240,114,2262,2262,1624
India,Himachal Pradesh,Una,"Financial Year (Apr - Mar), 2025",22-Apr-2026,5,5,5,243,243,243,748,748,748
India,Jammu and Kashmir,Anantnag,"Financial Year (Apr - Mar), 2025",22-Apr-2026,16,0,0,337,80,68,351,111,95
India,Jammu and Kashmir,Bandipora,"Financial Year (Apr - Mar), 2025",22-Apr-2026,12,1,0,151,24,18,112,27,18
India,Jammu and Kashmir,Baramulla,"Financial Year (Apr - Mar), 2025",22-Apr-2026,26,0,0,402,105,82,518,163,121
India,Jammu and Kashmir,Budgam,"Financial Year (Apr - Mar), 2025",22-Apr-2026,17,0,0,296,36,8,473,81,44
India,Jammu and Kashmir,Doda,"Financial Year (Apr - Mar), 2025",22-Apr-2026,17,0,0,238,31,21,399,84,62
India,Jammu and Kashmir,Ganderbal,"Financial Year (Apr - Mar), 2025",22-Apr-2026,7,7,2,126,126,112,129,129,118
India,Jammu and Kashmir,Jammu,"Financial Year (Apr - Mar), 2025",22-Apr-2026,20,0,0,302,17,8,792,108,30
India,Jammu and Kashmir,Kathua,"Financial Year (Apr - Mar), 2025",22-Apr-2026,19,0,0,259,21,15,516,49,32
India,Jammu and Kashmir,Kishtwar,"Financial Year (Apr - Mar), 2025",22-Apr-2026,13,0,0,136,5,1,156,15,6
India,Jammu and Kashmir,Kulgam,"Financial Year (Apr - Mar), 2025",22-Apr-2026,11,0,0,178,31,29,253,70,60
India,Jammu and Kashmir,Kupwara,"Financial Year (Apr - Mar), 2025",22-Apr-2026,24,0,0,385,12,11,359,22,11
India,Jammu and Kashmir,Poonch,"Financial Year (Apr - Mar), 2025",22-Apr-2026,11,0,0,229,7,0,172,13,0
India,Jammu and Kashmir,Pulwama,"Financial Year (Apr - Mar), 2025",22-Apr-2026,11,0,0,190,46,38,311,106,92
India,Jammu and Kashmir,Rajouri,"Financial Year (Apr - Mar), 2025",22-Apr-2026,19,0,0,312,8,5,362,26,9
India,Jammu and Kashmir,Ramban,"Financial Year (Apr - Mar), 2025",22-Apr-2026,11,0,0,143,17,7,142,21,10
India,Jammu and Kashmir,Reasi,"Financial Year (Apr - Mar), 2025",22-Apr-2026,12,0,0,153,29,12,258,85,28
India,Jammu and Kashmir,Samba,"Financial Year (Apr - Mar), 2025",22-Apr-2026,9,0,0,104,13,4,342,129,55
India,Jammu and Kashmir,Shopian,"Financial Year (Apr - Mar), 2025",22-Apr-2026,9,0,0,98,17,11,218,81,52
India,Jammu and Kashmir,Srinagar,"Financial Year (Apr - Mar), 2025",22-Apr-2026,4,4,4,21,21,21,16,16,16
India,Jammu and Kashmir,Udhampur,"Financial Year (Apr - Mar), 2025",22-Apr-2026,17,0,0,236,26,16,372,48,26
India,Jharkhand,Bokaro,"Financial Year (Apr - Mar), 2025",22-Apr-2026,9,0,0,244,29,28,691,75,68
India,Jharkhand,Chatra,"Financial Year (Apr - Mar), 2025",22-Apr-2026,12,0,0,153,1,0,1332,124,112
India,Jharkhand,Deoghar,"Financial Year (Apr - Mar), 2025",22-Apr-2026,10,0,0,194,0,0,2297,215,139
India,Jharkhand,Dhanbad,"Financial Year (Apr - Mar), 2025",22-Apr-2026,10,0,0,253,20,9,1135,180,86
India,Jharkhand,Dumka,"Financial Year (Apr - Mar), 2025",22-Apr-2026,10,0,0,206,2,0,2670,489,178
India,Jharkhand,East Singhbum,"Financial Year (Apr - Mar), 2025",22-Apr-2026,11,0,0,202,2,2,1640,60,50
India,Jharkhand,Garhwa,"Financial Year (Apr - Mar), 2025",22-Apr-2026,20,0,0,186,0,0,821,101,53
India,Jharkhand,Giridih,"Financial Year (Apr - Mar), 2025",22-Apr-2026,13,0,0,349,38,13,2538,856,465
India,Jharkhand,Godda,"Financial Year (Apr - Mar), 2025",22-Apr-2026,9,0,0,201,1,1,1605,33,30
India,Jharkhand,Gumla,"Financial Year (Apr - Mar), 2025",22-Apr-2026,12,0,0,158,1,1,944,159,131
India,Jharkhand,Hazaribagh,"Financial Year (Apr - Mar), 2025",22-Apr-2026,16,0,0,248,2,2,1203,104,73
India,Jharkhand,Jamtara,"Financial Year (Apr - Mar), 2025",22-Apr-2026,6,0,0,118,2,2,1073,152,113
India,Jharkhand,Khunti,"Financial Year (Apr - Mar), 2025",22-Apr-2026,6,0,0,85,4,4,756,167,150
India,Jharkhand,Koderma,"Financial Year (Apr - Mar), 2025",22-Apr-2026,6,0,0,106,3,3,571,70,66
India,Jharkhand,Latehar,"Financial Year (Apr - Mar), 2025",22-Apr-2026,9,0,0,114,13,8,752,395,346
India,Jharkhand,Lohardaga,"Financial Year (Apr - Mar), 2025",22-Apr-2026,7,0,0,66,4,2,353,105,46
India,Jharkhand,Pakur,"Financial Year (Apr - Mar), 2025",22-Apr-2026,6,0,0,128,0,0,1139,18,16
India,Jharkhand,Palamu,"Financial Year (Apr - Mar), 2025",22-Apr-2026,21,0,0,277,21,10,1707,332,254
India,Jharkhand,Ramgarh,"Financial Year (Apr - Mar), 2025",22-Apr-2026,6,0,0,119,14,11,319,77,50
India,Jharkhand,Ranchi,"Financial Year (Apr - Mar), 2025",22-Apr-2026,18,0,0,293,8,5,1316,137,89
India,Jharkhand,Sahebganj,"Financial Year (Apr - Mar), 2025",22-Apr-2026,9,0,0,158,0,0,1328,42,31
India,Jharkhand,Saraikela Kharsawan,"Financial Year (Apr - Mar), 2025",22-Apr-2026,9,0,0,131,7,3,1117,393,282
India,Jharkhand,Simdega,"Financial Year (Apr - Mar), 2025",22-Apr-2026,10,0,0,93,5,3,449,112,64
India,Jharkhand,West Singhbhum,"Financial Year (Apr - Mar), 2025",22-Apr-2026,18,0,0,214,19,6,1648,492,301
India,Karnataka,Bagalkote,"Financial Year (Apr - Mar), 2025",22-Apr-2026,9,0,0,196,30,23,596,235,191
India,Karnataka,Ballari,"Financial Year (Apr - Mar), 2025",22-Apr-2026,5,0,0,100,27,20,272,141,115
India,Karnataka,Belagavi,"Financial Year (Apr - Mar), 2025",22-Apr-2026,15,0,0,505,130,95,1230,574,493
India,Karnataka,Bengaluru Rural,"Financial Year (Apr - Mar), 2025",22-Apr-2026,4,0,0,101,2,1,878,331,324
India,Karnataka,Bengaluru Urban,"Financial Year (Apr - Mar), 2025",22-Apr-2026,5,0,0,87,0,0,564,123,116
India,Karnataka,Bidar,"Financial Year (Apr - Mar), 2025",22-Apr-2026,8,0,0,184,27,19,595,270,224
India,Karnataka,Chamarajanagara,"Financial Year (Apr - Mar), 2025",22-Apr-2026,5,0,0,130,27,8,400,217,155
India,Karnataka,Chikkaballapura,"Financial Year (Apr - Mar), 2025",22-Apr-2026,6,0,0,157,2,2,1274,374,357
India,Karnataka,Chikkamagaluru,"Financial Year (Apr - Mar), 2025",22-Apr-2026,9,0,0,226,2,2,999,181,127
India,Karnataka,Chitradurga,"Financial Year (Apr - Mar), 2025",22-Apr-2026,6,0,0,189,1,1,947,258,244
India,Karnataka,Dakshina Kannada,"Financial Year (Apr - Mar), 2025",22-Apr-2026,9,1,1,230,58,53,366,106,96
India,Karnataka,Davangere,"Financial Year (Apr - Mar), 2025",22-Apr-2026,6,0,0,194,57,27,694,353,288
India,Karnataka,Dharwad,"Financial Year (Apr - Mar), 2025",22-Apr-2026,7,3,0,144,134,93,348,336,276
India,Karnataka,Gadag,"Financial Year (Apr - Mar), 2025",22-Apr-2026,7,4,0,122,119,68,317,314,252
India,Karnataka,Hassan,"Financial Year (Apr - Mar), 2025",22-Apr-2026,8,0,0,267,45,20,2270,930,800
India,Karnataka,Haveri,"Financial Year (Apr - Mar), 2025",22-Apr-2026,8,0,0,223,100,77,688,481,435
India,Karnataka,Kalaburagi,"Financial Year (Apr - Mar), 2025",22-Apr-2026,11,0,0,262,7,2,856,148,87
India,Karnataka,Kodagu,"Financial Year (Apr - Mar), 2025",22-Apr-2026,5,0,0,104,18,8,288,92,58
India,Karnataka,Kolar,"Financial Year (Apr - Mar), 2025",22-Apr-2026,6,0,0,155,0,0,1523,93,71
India,Karnataka,Koppal,"Financial Year (Apr - Mar), 2025",22-Apr-2026,7,0,0,153,16,8,580,248,169
India,Karnataka,Mandya,"Financial Year (Apr - Mar), 2025",22-Apr-2026,7,0,0,233,8,5,1322,332,257
India,Karnataka,Mysuru,"Financial Year (Apr - Mar), 2025",22-Apr-2026,9,0,0,265,33,22,1172,530,462
India,Karnataka,Raichur,"Financial Year (Apr - Mar), 2025",22-Apr-2026,7,0,0,181,24,8,811,298,209
India,Karnataka,Ramanagara,"Financial Year (Apr - Mar), 2025",22-Apr-2026,4,0,0,127,10,3,735,247,162
India,Karnataka,Shivamogga,"Financial Year (Apr - Mar), 2025",22-Apr-2026,7,0,0,271,31,24,1424,325,246
India,Karnataka,Tumakuru,"Financial Year (Apr - Mar), 2025",22-Apr-2026,10,0,0,330,0,0,2513,111,80
India,Karnataka,Udupi,"Financial Year (Apr - Mar), 2025",22-Apr-2026,7,0,0,155,29,28,246,51,49
India,Karnataka,Uttara Kannada,"Financial Year (Apr - Mar), 2025",22-Apr-2026,12,0,0,228,13,8,1248,315,243
India,Karnataka,Vijayanagar,"Financial Year (Apr - Mar), 2025",22-Apr-2026,6,0,0,137,34,28,313,139,128
India,Karnataka,Vijayapura,"Financial Year (Apr - Mar), 2025",22-Apr-2026,13,0,0,213,24,10,654,208,168
India,Karnataka,Yadgir,"Financial Year (Apr - Mar), 2025",22-Apr-2026,6,0,0,123,5,5,468,130,107
India,Kerala,Alappuzha,"Financial Year (Apr - Mar), 2025",22-Apr-2026,12,0,0,72,12,9,83,14,9
India,Kerala,Ernakulam,"Financial Year (Apr - Mar), 2025",22-Apr-2026,14,3,3,82,17,17,103,22,20
India,Kerala,Idukki,"Financial Year (Apr - Mar), 2025",22-Apr-2026,8,0,0,52,0,0,68,1,1
India,Kerala,Kannur,"Financial Year (Apr - Mar), 2025",22-Apr-2026,11,1,1,71,26,25,105,37,33
India,Kerala,Kasaragod,"Financial Year (Apr - Mar), 2025",22-Apr-2026,6,0,0,38,0,0,119,0,0
India,Kerala,Kollam,"Financial Year (Apr - Mar), 2025",22-Apr-2026,11,0,0,68,10,9,91,11,9
India,Kerala,Kottayam,"Financial Year (Apr - Mar), 2025",22-Apr-2026,11,0,0,71,7,5,91,10,7
India,Kerala,Kozhikode,"Financial Year (Apr - Mar), 2025",22-Apr-2026,12,0,0,70,3,2,92,4,2
India,Kerala,Malappuram,"Financial Year (Apr - Mar), 2025",22-Apr-2026,15,0,0,94,2,0,116,3,0
India,Kerala,Palakkad,"Financial Year (Apr - Mar), 2025",22-Apr-2026,13,0,0,88,4,3,148,13,9
India,Kerala,Pathanamthitta,"Financial Year (Apr - Mar), 2025",22-Apr-2026,8,0,0,53,0,0,65,1,0
India,Kerala,Thiruvananthapuram,"Financial Year (Apr - Mar), 2025",22-Apr-2026,11,0,0,73,6,6,94,8,8
India,Kerala,Thrissur,"Financial Year (Apr - Mar), 2025",22-Apr-2026,16,0,0,86,3,2,214,10,4
India,Kerala,Wayanad,"Financial Year (Apr - Mar), 2025",22-Apr-2026,4,0,0,23,0,0,46,0,0
India,Ladakh,Kargil,"Financial Year (Apr - Mar), 2025",22-Apr-2026,15,4,3,98,61,51,125,92,81
India,Ladakh,Leh Ladakh,"Financial Year (Apr - Mar), 2025",22-Apr-2026,16,14,13,80,75,70,115,109,102
India,Lakshadweep,Lakshadweep District,"Financial Year (Apr - Mar), 2025",22-Apr-2026,10,9,9,10,9,9,10,9,9
India,Madhya Pradesh,Agar-Malwa,"Financial Year (Apr - Mar), 2025",22-Apr-2026,4,0,0,227,52,48,480,116,109
India,Madhya Pradesh,Alirajpur,"Financial Year (Apr - Mar), 2025",22-Apr-2026,6,0,0,288,65,40,539,158,97
India,Madhya Pradesh,Anuppur,"Financial Year (Apr - Mar), 2025",22-Apr-2026,4,0,0,277,151,75,567,362,230
India,Madhya Pradesh,Ashoknagar,"Financial Year (Apr - Mar), 2025",22-Apr-2026,4,0,0,335,44,19,820,201,129
India,Madhya Pradesh,Balaghat,"Financial Year (Apr - Mar), 2025",22-Apr-2026,10,0,0,690,576,392,1248,1100,779
India,Madhya Pradesh,Barwani,"Financial Year (Apr - Mar), 2025",22-Apr-2026,7,0,0,409,176,122,676,330,244
India,Madhya Pradesh,Betul,"Financial Year (Apr - Mar), 2025",22-Apr-2026,10,0,0,554,388,243,1332,1086,827
India,Madhya Pradesh,Bhind,"Financial Year (Apr - Mar), 2025",22-Apr-2026,6,0,0,444,165,31,881,469,127
India,Madhya Pradesh,Bhopal,"Financial Year (Apr - Mar), 2025",22-Apr-2026,2,0,0,187,64,48,475,265,199
India,Madhya Pradesh,Burhanpur,"Financial Year (Apr - Mar), 2025",22-Apr-2026,2,2,2,167,167,167,254,254,254
India,Madhya Pradesh,Chhatarpur,"Financial Year (Apr - Mar), 2025",22-Apr-2026,8,0,0,558,110,95,1077,280,226
India,Madhya Pradesh,Chhindwara,"Financial Year (Apr - Mar), 2025",22-Apr-2026,11,0,0,785,375,137,1898,1203,645
India,Madhya Pradesh,Damoh,"Financial Year (Apr - Mar), 2025",22-Apr-2026,7,0,0,460,158,94,1178,601,416
India,Madhya Pradesh,Datia,"Financial Year (Apr - Mar), 2025",22-Apr-2026,3,0,0,290,131,68,604,352,202
India,Madhya Pradesh,Dewas,"Financial Year (Apr - Mar), 2025",22-Apr-2026,6,0,0,496,301,140,1050,694,391
India,Madhya Pradesh,Dhar,"Financial Year (Apr - Mar), 2025",22-Apr-2026,13,0,0,761,418,320,1475,874,694
India,Madhya Pradesh,Dindori,"Financial Year (Apr - Mar), 2025",22-Apr-2026,7,0,0,364,93,40,898,370,218
India,Madhya Pradesh,Guna,"Financial Year (Apr - Mar), 2025",22-Apr-2026,5,0,0,422,123,93,1248,417,357
India,Madhya Pradesh,Gwalior,"Financial Year (Apr - Mar), 2025",22-Apr-2026,4,0,0,256,184,84,529,423,242
India,Madhya Pradesh,Harda,"Financial Year (Apr - Mar), 2025",22-Apr-2026,3,0,0,209,165,144,503,449,412
India,Madhya Pradesh,Indore,"Financial Year (Apr - Mar), 2025",22-Apr-2026,4,1,1,312,304,299,606,598,593
India,Madhya Pradesh,Jabalpur,"Financial Year (Apr - Mar), 2025",22-Apr-2026,7,0,0,526,193,79,1339,599,341
India,Madhya Pradesh,Jhabua,"Financial Year (Apr - Mar), 2025",22-Apr-2026,6,0,0,375,326,173,779,716,498
India,Madhya Pradesh,Katni,"Financial Year (Apr - Mar), 2025",22-Apr-2026,6,0,0,407,167,76,891,506,314
India,Madhya Pradesh,Khandwa (East Nimar),"Financial Year (Apr - Mar), 2025",22-Apr-2026,7,1,0,420,294,238,703,526,446
India,Madhya Pradesh,Khargone (West Nimar),"Financial Year (Apr - Mar), 2025",22-Apr-2026,9,0,0,591,427,317,1140,928,773
India,Madhya Pradesh,Mandla,"Financial Year (Apr - Mar), 2025",22-Apr-2026,9,0,0,490,250,86,1211,790,390
India,Madhya Pradesh,Mandsaur,"Financial Year (Apr - Mar), 2025",22-Apr-2026,5,0,0,468,88,75,894,215,184
India,Madhya Pradesh,Morena,"Financial Year (Apr - Mar), 2025",22-Apr-2026,7,0,0,478,212,61,756,420,150
India,Madhya Pradesh,Narmadapuram,"Financial Year (Apr - Mar), 2025",22-Apr-2026,7,0,0,422,255,110,900,679,368
India,Madhya Pradesh,Narsimhapur,"Financial Year (Apr - Mar), 2025",22-Apr-2026,6,0,0,445,280,179,1012,759,568
India,Madhya Pradesh,Neemuch,"Financial Year (Apr - Mar), 2025",22-Apr-2026,3,0,0,236,31,24,674,157,145
India,Madhya Pradesh,Niwari,"Financial Year (Apr - Mar), 2025",22-Apr-2026,2,2,2,136,136,136,252,252,252
India,Madhya Pradesh,Panna,"Financial Year (Apr - Mar), 2025",22-Apr-2026,5,0,0,389,60,36,940,265,210
India,Madhya Pradesh,Raisen,"Financial Year (Apr - Mar), 2025",22-Apr-2026,7,0,0,494,222,142,1398,855,610
India,Madhya Pradesh,Rajgarh,"Financial Year (Apr - Mar), 2025",22-Apr-2026,6,0,0,623,363,148,1666,1192,621
India,Madhya Pradesh,Ratlam,"Financial Year (Apr - Mar), 2025",22-Apr-2026,6,0,0,418,166,166,1049,431,417
India,Madhya Pradesh,Rewa,"Financial Year (Apr - Mar), 2025",22-Apr-2026,9,0,0,828,45,5,2335,458,270
India,Madhya Pradesh,Sagar,"Financial Year (Apr - Mar), 2025",22-Apr-2026,11,0,0,735,207,82,1806,725,347
India,Madhya Pradesh,Satna,"Financial Year (Apr - Mar), 2025",22-Apr-2026,8,0,0,693,47,31,1758,226,156
India,Madhya Pradesh,Sehore,"Financial Year (Apr - Mar), 2025",22-Apr-2026,5,0,0,497,192,167,1026,497,431
India,Madhya Pradesh,Seoni,"Financial Year (Apr - Mar), 2025",22-Apr-2026,8,0,0,645,272,185,1570,848,666
India,Madhya Pradesh,Shahdol,"Financial Year (Apr - Mar), 2025",22-Apr-2026,5,0,0,388,217,94,815,546,309
India,Madhya Pradesh,Shajapur,"Financial Year (Apr - Mar), 2025",22-Apr-2026,4,0,0,352,119,97,592,237,202
India,Madhya Pradesh,Sheopur,"Financial Year (Apr - Mar), 2025",22-Apr-2026,3,0,0,227,80,31,504,255,130
India,Madhya Pradesh,Shivpuri,"Financial Year (Apr - Mar), 2025",22-Apr-2026,8,0,0,599,88,42,1260,308,160
India,Madhya Pradesh,Sidhi,"Financial Year (Apr - Mar), 2025",22-Apr-2026,5,0,0,400,50,30,1025,242,164
India,Madhya Pradesh,Singrauli,"Financial Year (Apr - Mar), 2025",22-Apr-2026,3,0,0,328,14,0,725,45,4
India,Madhya Pradesh,Tikamgarh,"Financial Year (Apr - Mar), 2025",22-Apr-2026,4,0,0,323,119,42,625,310,160
India,Madhya Pradesh,Ujjain,"Financial Year (Apr - Mar), 2025",22-Apr-2026,6,0,0,609,310,265,1096,625,547
India,Madhya Pradesh,Umaria,"Financial Year (Apr - Mar), 2025",22-Apr-2026,3,0,0,236,106,23,573,355,130
India,Madhya Pradesh,Vidisha,"Financial Year (Apr - Mar), 2025",22-Apr-2026,7,0,0,577,153,100,1523,542,390
India,Maharashtra,Ahmednagar,"Financial Year (Apr - Mar), 2025",22-Apr-2026,14,0,0,1312,251,219,1575,334,296
India,Maharashtra,Akola,"Financial Year (Apr - Mar), 2025",22-Apr-2026,7,1,1,536,307,228,830,530,408
India,Maharashtra,Amravati,"Financial Year (Apr - Mar), 2025",22-Apr-2026,14,6,0,840,746,631,1588,1449,1218
India,Maharashtra,Beed,"Financial Year (Apr - Mar), 2025",22-Apr-2026,11,0,0,1031,334,185,1356,485,268
India,Maharashtra,Bhandara,"Financial Year (Apr - Mar), 2025",22-Apr-2026,7,0,0,541,164,133,766,270,225
India,Maharashtra,Buldhana,"Financial Year (Apr - Mar), 2025",22-Apr-2026,13,0,0,870,241,220,1251,401,363
India,Maharashtra,Chandrapur,"Financial Year (Apr - Mar), 2025",22-Apr-2026,15,0,0,825,240,127,1401,521,305
India,Maharashtra,Chhatrapati Sambhajinagar,"Financial Year (Apr - Mar), 2025",22-Apr-2026,9,0,0,869,456,88,1297,782,165
India,Maharashtra,Dharashiv,"Financial Year (Apr - Mar), 2025",22-Apr-2026,8,0,0,622,449,159,718,532,198
India,Maharashtra,Dhule,"Financial Year (Apr - Mar), 2025",22-Apr-2026,4,0,0,540,472,220,670,588,272
India,Maharashtra,Gadchiroli,"Financial Year (Apr - Mar), 2025",22-Apr-2026,12,1,1,458,256,162,1475,1150,924
India,Maharashtra,Gondia,"Financial Year (Apr - Mar), 2025",22-Apr-2026,8,0,0,547,86,50,869,168,98
India,Maharashtra,Hingoli,"Financial Year (Apr - Mar), 2025",22-Apr-2026,5,0,0,563,279,91,656,336,118
India,Maharashtra,Jalgaon,"Financial Year (Apr - Mar), 2025",22-Apr-2026,15,0,0,1153,758,541,1487,1013,744
India,Maharashtra,Jalna,"Financial Year (Apr - Mar), 2025",22-Apr-2026,8,5,0,778,773,685,951,945,848
India,Maharashtra,Kolhapur,"Financial Year (Apr - Mar), 2025",22-Apr-2026,12,1,1,1025,816,664,1191,966,788
India,Maharashtra,Latur,"Financial Year (Apr - Mar), 2025",22-Apr-2026,10,1,0,785,732,608,921,866,713
India,Maharashtra,Nagpur,"Financial Year (Apr - Mar), 2025",22-Apr-2026,13,0,0,768,544,377,1518,1186,870
India,Maharashtra,Nanded,"Financial Year (Apr - Mar), 2025",22-Apr-2026,16,0,0,1309,347,243,1533,448,322
India,Maharashtra,Nandurbar,"Financial Year (Apr - Mar), 2025",22-Apr-2026,6,0,0,594,64,20,936,93,28
India,Maharashtra,Nashik,"Financial Year (Apr - Mar), 2025",22-Apr-2026,15,0,0,1385,531,405,1911,711,545
India,Maharashtra,Palghar,"Financial Year (Apr - Mar), 2025",22-Apr-2026,8,0,0,473,41,38,899,96,90
India,Maharashtra,Parbhani,"Financial Year (Apr - Mar), 2025",22-Apr-2026,9,0,0,704,222,140,825,269,167
India,Maharashtra,Pune,"Financial Year (Apr - Mar), 2025",22-Apr-2026,13,0,0,1383,288,139,1833,438,222
India,Maharashtra,Raigad,"Financial Year (Apr - Mar), 2025",22-Apr-2026,15,3,0,808,440,364,1830,1157,971
India,Maharashtra,Ratnagiri,"Financial Year (Apr - Mar), 2025",22-Apr-2026,9,0,0,846,193,166,1534,588,506
India,Maharashtra,Sangli,"Financial Year (Apr - Mar), 2025",22-Apr-2026,10,0,0,699,211,161,726,224,171
India,Maharashtra,Satara,"Financial Year (Apr - Mar), 2025",22-Apr-2026,11,0,0,1494,665,338,1742,766,377
India,Maharashtra,Sindhudurg,"Financial Year (Apr - Mar), 2025",22-Apr-2026,8,0,0,431,103,81,740,230,183
India,Maharashtra,Solapur,"Financial Year (Apr - Mar), 2025",22-Apr-2026,11,6,0,1022,1010,587,1128,1116,650
India,Maharashtra,Thane,"Financial Year (Apr - Mar), 2025",22-Apr-2026,5,0,0,431,77,66,791,205,160
India,Maharashtra,Wardha,"Financial Year (Apr - Mar), 2025",22-Apr-2026,8,1,1,520,407,395,880,733,717
India,Maharashtra,Washim,"Financial Year (Apr - Mar), 2025",22-Apr-2026,6,0,0,491,204,101,680,314,153
India,Maharashtra,Yavatmal,"Financial Year (Apr - Mar), 2025",22-Apr-2026,16,0,0,1199,253,188,1789,489,384
India,Manipur,Bishnupur,"Financial Year (Apr - Mar), 2025",22-Apr-2026,2,0,0,24,0,0,48,1,1
India,Manipur,Chandel,"Financial Year (Apr - Mar), 2025",22-Apr-2026,3,0,0,265,37,26,265,37,26
India,Manipur,Churachandpur,"Financial Year (Apr - Mar), 2025",22-Apr-2026,7,0,0,514,198,51,524,204,53
India,Manipur,Imphal East,"Financial Year (Apr - Mar), 2025",22-Apr-2026,2,0,0,50,2,0,152,26,6
India,Manipur,Imphal West,"Financial Year (Apr - Mar), 2025",22-Apr-2026,2,0,0,39,0,0,113,10,7
India,Manipur,Jiribam,"Financial Year (Apr - Mar), 2025",22-Apr-2026,1,0,0,6,0,0,50,9,3
India,Manipur,Kakching,"Financial Year (Apr - Mar), 2025",22-Apr-2026,1,0,0,15,1,1,28,3,2
India,Manipur,Kamjong,"Financial Year (Apr - Mar), 2025",22-Apr-2026,3,0,0,118,30,23,121,31,24
India,Manipur,Kangpokpi,"Financial Year (Apr - Mar), 2025",22-Apr-2026,3,0,0,534,170,115,534,170,115
India,Manipur,Noney,"Financial Year (Apr - Mar), 2025",22-Apr-2026,4,0,0,71,13,10,73,15,11
India,Manipur,Pherzawl,"Financial Year (Apr - Mar), 2025",22-Apr-2026,3,0,0,87,23,7,89,23,7
India,Manipur,Senapati,"Financial Year (Apr - Mar), 2025",22-Apr-2026,3,0,0,136,10,4,136,10,4
India,Manipur,Tamenglong,"Financial Year (Apr - Mar), 2025",22-Apr-2026,3,0,0,99,8,4,102,10,5
India,Manipur,Tengnoupal,"Financial Year (Apr - Mar), 2025",22-Apr-2026,3,0,0,164,43,19,165,43,19
India,Manipur,Thoubal,"Financial Year (Apr - Mar), 2025",22-Apr-2026,1,0,0,27,0,0,60,9,8
India,Manipur,Ukhrul,"Financial Year (Apr - Mar), 2025",22-Apr-2026,3,0,0,96,13,4,96,13,4
India,Meghalaya,East Garo Hills,"Financial Year (Apr - Mar), 2025",22-Apr-2026,3,0,0,489,267,109,501,277,113
India,Meghalaya,East Jaintia Hills,"Financial Year (Apr - Mar), 2025",22-Apr-2026,2,0,0,189,88,81,189,88,81
India,Meghalaya,East Khasi Hills,"Financial Year (Apr - Mar), 2025",22-Apr-2026,11,0,0,923,461,308,922,461,308
India,Meghalaya,Eastern West Khasi Hills,"Financial Year (Apr - Mar), 2025",22-Apr-2026,2,0,0,201,177,111,201,177,111
India,Meghalaya,North Garo Hills,"Financial Year (Apr - Mar), 2025",22-Apr-2026,4,0,0,568,356,190,568,356,190
India,Meghalaya,Ri Bhoi,"Financial Year (Apr - Mar), 2025",22-Apr-2026,4,0,0,581,491,168,581,491,168
India,Meghalaya,South Garo Hills,"Financial Year (Apr - Mar), 2025",22-Apr-2026,4,0,0,727,288,127,748,304,138
India,Meghalaya,South West Garo Hills,"Financial Year (Apr - Mar), 2025",22-Apr-2026,3,0,0,470,280,126,470,280,126
India,Meghalaya,South West Khasi Hills,"Financial Year (Apr - Mar), 2025",22-Apr-2026,2,0,0,295,207,205,295,207,205
India,Meghalaya,West Garo Hills,"Financial Year (Apr - Mar), 2025",22-Apr-2026,8,0,0,1094,340,142,1094,340,142
India,Meghalaya,West Jaintia Hills,"Financial Year (Apr - Mar), 2025",22-Apr-2026,3,0,0,300,183,138,300,183,138
India,Meghalaya,West Khasi Hills,"Financial Year (Apr - Mar), 2025",22-Apr-2026,2,0,0,587,399,348,587,399,348
India,Mizoram,Aizawl,"Financial Year (Apr - Mar), 2025",22-Apr-2026,4,4,2,62,62,49,62,62,49
India,Mizoram,Champhai,"Financial Year (Apr - Mar), 2025",22-Apr-2026,2,2,2,42,42,42,42,42,42
India,Mizoram,Hnahthial,"Financial Year (Apr - Mar), 2025",22-Apr-2026,1,1,1,25,25,25,25,25,25
India,Mizoram,Khawzawl,"Financial Year (Apr - Mar), 2025",22-Apr-2026,1,1,1,25,25,25,25,25,25
India,Mizoram,Kolasib,"Financial Year (Apr - Mar), 2025",22-Apr-2026,2,2,2,30,30,30,30,30,30
India,Mizoram,Lawngtlai,"Financial Year (Apr - Mar), 2025",22-Apr-2026,4,4,1,151,151,139,151,151,139
India,Mizoram,Lunglei,"Financial Year (Apr - Mar), 2025",22-Apr-2026,3,3,3,101,101,101,101,101,101
India,Mizoram,Mamit,"Financial Year (Apr - Mar), 2025",22-Apr-2026,3,3,2,79,79,75,82,82,78
India,Mizoram,Saitual,"Financial Year (Apr - Mar), 2025",22-Apr-2026,2,2,2,36,36,36,36,36,36
India,Mizoram,Serchhip,"Financial Year (Apr - Mar), 2025",22-Apr-2026,2,2,1,32,32,31,32,32,31
India,Mizoram,Siaha,"Financial Year (Apr - Mar), 2025",22-Apr-2026,2,2,2,51,51,51,51,51,51
India,Nagaland,Chumoukedima,"Financial Year (Apr - Mar), 2025",22-Apr-2026,2,1,0,61,55,46,61,55,46
India,Nagaland,Dimapur,"Financial Year (Apr - Mar), 2025",22-Apr-2026,1,0,0,54,33,13,56,35,13
India,Nagaland,Kiphire,"Financial Year (Apr - Mar), 2025",22-Apr-2026,5,5,2,109,109,106,109,109,106
India,Nagaland,Kohima,"Financial Year (Apr - Mar), 2025",22-Apr-2026,5,1,0,62,34,7,63,34,7
India,Nagaland,Longleng,"Financial Year (Apr - Mar), 2025",22-Apr-2026,3,0,0,49,38,29,49,38,29
India,Nagaland,Mokokchung,"Financial Year (Apr - Mar), 2025",22-Apr-2026,9,1,0,107,78,59,109,80,61
India,Nagaland,Mon,"Financial Year (Apr - Mar), 2025",22-Apr-2026,8,5,2,138,104,88,139,105,88
India,Nagaland,Niuland,"Financial Year (Apr - Mar), 2025",22-Apr-2026,3,1,0,106,98,93,106,98,93
India,Nagaland,Noklak,"Financial Year (Apr - Mar), 2025",22-Apr-2026,3,0,0,49,38,21,50,39,22
India,Nagaland,Peren,"Financial Year (Apr - Mar), 2025",22-Apr-2026,4,0,0,103,66,33,104,67,33
India,Nagaland,Phek,"Financial Year (Apr - Mar), 2025",22-Apr-2026,8,2,0,111,92,55,111,92,55
India,Nagaland,Shamator,"Financial Year (Apr - Mar), 2025",22-Apr-2026,2,0,0,30,27,24,30,27,24
India,Nagaland,Tseminyu,"Financial Year (Apr - Mar), 2025",22-Apr-2026,2,0,0,41,38,35,42,39,36
India,Nagaland,Tuensang,"Financial Year (Apr - Mar), 2025",22-Apr-2026,4,0,0,62,34,29,62,34,29
India,Nagaland,Wokha,"Financial Year (Apr - Mar), 2025",22-Apr-2026,7,3,0,147,124,94,148,125,95
India,Nagaland,Zunheboto,"Financial Year (Apr - Mar), 2025",22-Apr-2026,8,0,0,185,149,83,186,150,84
India,Odisha,Anugul,"Financial Year (Apr - Mar), 2025",22-Apr-2026,8,1,0,225,73,59,1594,709,613
India,Odisha,Balangir,"Financial Year (Apr - Mar), 2025",22-Apr-2026,14,0,0,317,3,3,1744,273,224
India,Odisha,Baleshwar,"Financial Year (Apr - Mar), 2025",22-Apr-2026,12,0,0,360,38,30,2566,1281,1098
India,Odisha,Bargarh,"Financial Year (Apr - Mar), 2025",22-Apr-2026,12,0,0,253,36,17,1171,412,283
India,Odisha,Bhadrak,"Financial Year (Apr - Mar), 2025",22-Apr-2026,7,0,0,218,112,26,1212,906,497
India,Odisha,Boudh,"Financial Year (Apr - Mar), 2025",22-Apr-2026,3,0,0,69,42,15,1115,772,424
India,Odisha,Cuttack,"Financial Year (Apr - Mar), 2025",22-Apr-2026,14,0,0,373,105,87,1854,893,716
India,Odisha,Deogarh,"Financial Year (Apr - Mar), 2025",22-Apr-2026,3,0,0,70,7,0,706,350,65
India,Odisha,Dhenkanal,"Financial Year (Apr - Mar), 2025",22-Apr-2026,8,0,0,212,15,2,1056,364,171
India,Odisha,Gajapati,"Financial Year (Apr - Mar), 2025",22-Apr-2026,7,0,0,149,7,2,1428,254,136
India,Odisha,Ganjam,"Financial Year (Apr - Mar), 2025",22-Apr-2026,22,0,0,503,80,71,2741,1019,944
India,Odisha,Jagatsinghapur,"Financial Year (Apr - Mar), 2025",22-Apr-2026,8,0,0,198,11,9,1213,312,257
India,Odisha,Jajapur,"Financial Year (Apr - Mar), 2025",22-Apr-2026,10,0,0,311,72,22,1564,583,175
India,Odisha,Jharsuguda,"Financial Year (Apr - Mar), 2025",22-Apr-2026,5,0,0,78,24,21,348,153,120
India,Odisha,Kalahandi,"Financial Year (Apr - Mar), 2025",22-Apr-2026,13,0,0,312,21,9,1947,528,399
India,Odisha,Kandhamal,"Financial Year (Apr - Mar), 2025",22-Apr-2026,12,0,0,171,2,2,2334,501,397
India,Odisha,Kendrapara,"Financial Year (Apr - Mar), 2025",22-Apr-2026,9,0,0,249,36,32,1405,504,453
India,Odisha,Kendujhar,"Financial Year (Apr - Mar), 2025",22-Apr-2026,13,1,1,297,110,73,2023,1345,864
India,Odisha,Khordha,"Financial Year (Apr - Mar), 2025",22-Apr-2026,10,0,0,190,17,14,1348,388,271
India,Odisha,Koraput,"Financial Year (Apr - Mar), 2025",22-Apr-2026,14,0,0,240,23,15,1900,338,253
India,Odisha,Malkangiri,"Financial Year (Apr - Mar), 2025",22-Apr-2026,7,0,0,111,8,0,934,115,74
India,Odisha,Mayurbhanj,"Financial Year (Apr - Mar), 2025",22-Apr-2026,26,2,1,404,46,39,3679,1125,988
India,Odisha,Nabarangpur,"Financial Year (Apr - Mar), 2025",22-Apr-2026,10,0,0,189,32,24,855,344,270
India,Odisha,Nayagarh,"Financial Year (Apr - Mar), 2025",22-Apr-2026,8,0,0,194,6,1,1503,202,64
India,Odisha,Nuapada,"Financial Year (Apr - Mar), 2025",22-Apr-2026,5,2,2,131,128,124,636,633,628
India,Odisha,Puri,"Financial Year (Apr - Mar), 2025",22-Apr-2026,11,0,0,268,34,24,1592,519,372
India,Odisha,Rayagada,"Financial Year (Apr - Mar), 2025",22-Apr-2026,11,0,0,182,3,2,2387,407,321
India,Odisha,Sambalpur,"Financial Year (Apr - Mar), 2025",22-Apr-2026,9,0,0,138,4,1,1170,183,108
India,Odisha,Sonepur,"Financial Year (Apr - Mar), 2025",22-Apr-2026,6,0,0,109,7,3,825,223,119
India,Odisha,Sundargarh,"Financial Year (Apr - Mar), 2025",22-Apr-2026,17,0,0,279,30,22,1681,481,299
India,Puducherry,Karaikal,"Financial Year (Apr - Mar), 2025",22-Apr-2026,1,1,1,27,27,27,25,25,25
India,Puducherry,Pondicherry,"Financial Year (Apr - Mar), 2025",22-Apr-2026,2,2,2,81,81,81,66,66,66
India,Punjab,Amritsar,"Financial Year (Apr - Mar), 2025",22-Apr-2026,10,10,10,810,810,810,703,703,703
India,Punjab,Barnala,"Financial Year (Apr - Mar), 2025",22-Apr-2026,3,3,3,133,133,133,122,122,122
India,Punjab,Bathinda,"Financial Year (Apr - Mar), 2025",22-Apr-2026,9,9,9,268,268,268,268,268,268
India,Punjab,Faridkot,"Financial Year (Apr - Mar), 2025",22-Apr-2026,3,3,3,196,196,196,163,163,163
India,Punjab,Fatehgarh Sahib,"Financial Year (Apr - Mar), 2025",22-Apr-2026,5,5,5,425,425,425,429,429,429
India,Punjab,Fazilka,"Financial Year (Apr - Mar), 2025",22-Apr-2026,5,5,5,396,396,396,295,295,295
India,Punjab,Ferozepur,"Financial Year (Apr - Mar), 2025",22-Apr-2026,6,6,6,792,792,792,657,657,657
India,Punjab,Gurdaspur,"Financial Year (Apr - Mar), 2025",22-Apr-2026,11,11,11,1230,1230,1230,1128,1128,1128
India,Punjab,Hoshiarpur,"Financial Year (Apr - Mar), 2025",22-Apr-2026,10,10,10,1376,1376,1376,1377,1377,1377
India,Punjab,Jalandhar,"Financial Year (Apr - Mar), 2025",22-Apr-2026,11,11,11,875,875,875,874,874,874
India,Punjab,Kapurthala,"Financial Year (Apr - Mar), 2025",22-Apr-2026,5,5,5,556,556,556,597,597,597
India,Punjab,Ludhiana,"Financial Year (Apr - Mar), 2025",22-Apr-2026,13,13,13,853,853,853,888,888,888
India,Punjab,Malerkotla,"Financial Year (Apr - Mar), 2025",22-Apr-2026,3,3,3,173,173,173,177,177,177
India,Punjab,Mansa,"Financial Year (Apr - Mar), 2025",22-Apr-2026,5,5,5,235,235,235,234,234,234
India,Punjab,Moga,"Financial Year (Apr - Mar), 2025",22-Apr-2026,5,5,5,309,309,309,314,314,314
India,Punjab,Pathankot,"Financial Year (Apr - Mar), 2025",22-Apr-2026,6,6,6,391,391,391,361,361,361
India,Punjab,Patiala,"Financial Year (Apr - Mar), 2025",22-Apr-2026,10,10,10,969,969,969,894,894,894
India,Punjab,Rupnagar,"Financial Year (Apr - Mar), 2025",22-Apr-2026,5,5,5,517,517,517,595,595,595
India,Punjab,S.A.S Nagar,"Financial Year (Apr - Mar), 2025",22-Apr-2026,4,4,4,326,326,326,340,340,340
India,Punjab,Sangrur,"Financial Year (Apr - Mar), 2025",22-Apr-2026,8,8,8,390,390,390,381,381,381
India,Punjab,Shahid Bhagat Singh Nagar,"Financial Year (Apr - Mar), 2025",22-Apr-2026,5,5,5,429,429,429,465,465,465
India,Punjab,Sri Muktsar Sahib,"Financial Year (Apr - Mar), 2025",22-Apr-2026,4,4,4,231,231,231,231,231,231
India,Punjab,Tarn Taran,"Financial Year (Apr - Mar), 2025",22-Apr-2026,8,8,8,521,521,521,484,484,484
India,Rajasthan,Ajmer,"Financial Year (Apr - Mar), 2025",22-Apr-2026,9,0,0,239,24,19,724,195,177
India,Rajasthan,Alwar,"Financial Year (Apr - Mar), 2025",22-Apr-2026,9,0,0,286,60,8,881,406,77
India,Rajasthan,Balotra,"Financial Year (Apr - Mar), 2025",22-Apr-2026,9,0,0,268,6,3,840,108,25
India,Rajasthan,Banswara,"Financial Year (Apr - Mar), 2025",22-Apr-2026,11,0,0,417,19,11,1495,150,76
India,Rajasthan,Baran,"Financial Year (Apr - Mar), 2025",22-Apr-2026,8,0,0,231,11,5,1093,107,67
India,Rajasthan,Barmer,"Financial Year (Apr - Mar), 2025",22-Apr-2026,14,0,0,422,1,1,1789,47,43
India,Rajasthan,Beawar,"Financial Year (Apr - Mar), 2025",22-Apr-2026,6,0,0,184,18,9,680,192,126
India,Rajasthan,Bharatpur,"Financial Year (Apr - Mar), 2025",22-Apr-2026,7,0,0,215,27,12,754,275,126
India,Rajasthan,Bhilwara,"Financial Year (Apr - Mar), 2025",22-Apr-2026,14,4,0,381,243,163,1748,1372,1080
India,Rajasthan,Bikaner,"Financial Year (Apr - Mar), 2025",22-Apr-2026,9,0,0,366,29,16,840,144,81
India,Rajasthan,Bundi,"Financial Year (Apr - Mar), 2025",22-Apr-2026,5,0,0,183,25,20,874,157,127
India,Rajasthan,Chittorgarh,"Financial Year (Apr - Mar), 2025",22-Apr-2026,11,0,0,299,6,2,1584,99,60
India,Rajasthan,Churu,"Financial Year (Apr - Mar), 2025",22-Apr-2026,7,0,0,304,56,32,867,234,141
India,Rajasthan,Dausa,"Financial Year (Apr - Mar), 2025",22-Apr-2026,11,0,0,285,6,1,1082,104,49
India,Rajasthan,Deeg,"Financial Year (Apr - Mar), 2025",22-Apr-2026,5,0,0,185,6,2,656,47,24
India,Rajasthan,Dholpur,"Financial Year (Apr - Mar), 2025",22-Apr-2026,6,0,0,188,2,2,793,58,42
India,Rajasthan,Didwana Kuchaman,"Financial Year (Apr - Mar), 2025",22-Apr-2026,7,1,0,237,87,36,786,441,268
India,Rajasthan,Dungarpur,"Financial Year (Apr - Mar), 2025",22-Apr-2026,10,0,0,352,10,10,975,72,72
India,Rajasthan,Ganganagar,"Financial Year (Apr - Mar), 2025",22-Apr-2026,9,0,0,345,62,17,2691,1319,490
India,Rajasthan,Hanumangarh,"Financial Year (Apr - Mar), 2025",22-Apr-2026,7,0,0,268,53,42,1504,705,539
India,Rajasthan,Jaipur,"Financial Year (Apr - Mar), 2025",22-Apr-2026,20,0,0,493,62,22,1757,470,187
India,Rajasthan,Jaisalmer,"Financial Year (Apr - Mar), 2025",22-Apr-2026,7,0,0,195,1,0,647,29,15
India,Rajasthan,Jalore,"Financial Year (Apr - Mar), 2025",22-Apr-2026,10,0,0,307,4,3,792,35,34
India,Rajasthan,Jhalawar,"Financial Year (Apr - Mar), 2025",22-Apr-2026,8,0,0,254,32,20,1470,468,357
India,Rajasthan,Jhunjhunu,"Financial Year (Apr - Mar), 2025",22-Apr-2026,11,0,0,336,37,15,975,197,64
India,Rajasthan,Jodhpur,"Financial Year (Apr - Mar), 2025",22-Apr-2026,14,0,0,414,12,3,1187,114,22
India,Rajasthan,Karauli,"Financial Year (Apr - Mar), 2025",22-Apr-2026,8,0,0,241,13,2,844,169,31
India,Rajasthan,Khairthal-Tijara,"Financial Year (Apr - Mar), 2025",22-Apr-2026,4,0,0,156,31,1,558,302,63
India,Rajasthan,Kota,"Financial Year (Apr - Mar), 2025",22-Apr-2026,5,0,0,149,7,5,788,127,50
India,Rajasthan,Kotputli-Behror,"Financial Year (Apr - Mar), 2025",22-Apr-2026,6,0,0,210,1,0,560,41,11
India,Rajasthan,Nagaur,"Financial Year (Apr - Mar), 2025",22-Apr-2026,8,0,0,263,8,6,826,95,84
India,Rajasthan,Pali,"Financial Year (Apr - Mar), 2025",22-Apr-2026,8,1,0,261,93,41,771,397,213
India,Rajasthan,Phalodi,"Financial Year (Apr - Mar), 2025",22-Apr-2026,8,0,0,219,12,8,680,84,48
India,Rajasthan,Pratapgarh,"Financial Year (Apr - Mar), 2025",22-Apr-2026,8,0,0,235,3,0,969,88,41
India,Rajasthan,Rajsamand,"Financial Year (Apr - Mar), 2025",22-Apr-2026,8,0,0,199,13,9,959,216,109
India,Rajasthan,Salumbar,"Financial Year (Apr - Mar), 2025",22-Apr-2026,6,0,0,157,3,3,603,50,44
India,Rajasthan,Sawai Madhopur,"Financial Year (Apr - Mar), 2025",22-Apr-2026,7,0,0,227,29,11,732,199,60
India,Rajasthan,Sikar,"Financial Year (Apr - Mar), 2025",22-Apr-2026,12,0,0,375,16,10,1189,111,59
India,Rajasthan,Sirohi,"Financial Year (Apr - Mar), 2025",22-Apr-2026,5,0,0,165,9,2,433,42,10
India,Rajasthan,Tonk,"Financial Year (Apr - Mar), 2025",22-Apr-2026,7,0,0,236,27,17,1118,312,188
India,Rajasthan,Udaipur,"Financial Year (Apr - Mar), 2025",22-Apr-2026,14,0,0,491,16,6,1813,125,75
India,Sikkim,Gangtok,"Financial Year (Apr - Mar), 2025",22-Apr-2026,5,2,2,22,15,14,51,39,37
India,Sikkim,Gyalshing,"Financial Year (Apr - Mar), 2025",22-Apr-2026,5,0,0,33,11,4,64,29,14
India,Sikkim,Mangan,"Financial Year (Apr - Mar), 2025",22-Apr-2026,4,2,1,25,22,19,50,46,39
India,Sikkim,Namchi,"Financial Year (Apr - Mar), 2025",22-Apr-2026,8,0,0,54,18,13,134,69,58
India,Sikkim,Pakyong,"Financial Year (Apr - Mar), 2025",22-Apr-2026,6,0,0,28,5,5,53,18,15
India,Sikkim,Soreng,"Financial Year (Apr - Mar), 2025",22-Apr-2026,6,3,3,33,28,26,48,42,37
India,Tamil Nadu,Ariyalur,"Financial Year (Apr - Mar), 2025",22-Apr-2026,6,6,6,201,201,201,179,179,179
India,Tamil Nadu,Chengalpattu,"Financial Year (Apr - Mar), 2025",22-Apr-2026,8,7,7,359,357,357,350,348,348
India,Tamil Nadu,Coimbatore,"Financial Year (Apr - Mar), 2025",22-Apr-2026,12,12,12,228,228,228,223,223,223
India,Tamil Nadu,Cuddalore,"Financial Year (Apr - Mar), 2025",22-Apr-2026,14,14,14,682,682,682,657,657,657
India,Tamil Nadu,Dharmapuri,"Financial Year (Apr - Mar), 2025",22-Apr-2026,10,0,0,251,8,3,249,10,3
India,Tamil Nadu,Dindigul,"Financial Year (Apr - Mar), 2025",22-Apr-2026,14,0,0,306,131,131,288,118,118
India,Tamil Nadu,Erode,"Financial Year (Apr - Mar), 2025",22-Apr-2026,14,3,3,225,161,159,221,159,155
India,Tamil Nadu,Kallakurichi,"Financial Year (Apr - Mar), 2025",22-Apr-2026,9,0,0,412,85,85,405,85,85
India,Tamil Nadu,Kanchipuram,"Financial Year (Apr - Mar), 2025",22-Apr-2026,5,5,5,274,274,274,271,271,271
India,Tamil Nadu,Kanniyakumari,"Financial Year (Apr - Mar), 2025",22-Apr-2026,9,9,9,95,95,95,81,81,81
India,Tamil Nadu,Karur,"Financial Year (Apr - Mar), 2025",22-Apr-2026,8,2,2,157,91,91,159,96,94
India,Tamil Nadu,Krishnagiri,"Financial Year (Apr - Mar), 2025",22-Apr-2026,10,0,0,333,55,55,322,57,55
India,Tamil Nadu,Madurai,"Financial Year (Apr - Mar), 2025",22-Apr-2026,13,0,0,420,197,196,389,178,177
India,Tamil Nadu,Mayiladuthurai,"Financial Year (Apr - Mar), 2025",22-Apr-2026,5,5,5,241,241,241,240,240,240
India,Tamil Nadu,Nagapattinam,"Financial Year (Apr - Mar), 2025",22-Apr-2026,6,0,0,193,46,43,188,46,42
India,Tamil Nadu,Namakkal,"Financial Year (Apr - Mar), 2025",22-Apr-2026,15,15,15,322,322,322,294,294,294
India,Tamil Nadu,Perambalur,"Financial Year (Apr - Mar), 2025",22-Apr-2026,4,2,2,121,99,99,127,100,99
India,Tamil Nadu,Pudukkottai,"Financial Year (Apr - Mar), 2025",22-Apr-2026,13,0,0,497,49,48,475,52,50
India,Tamil Nadu,Ramanathapuram,"Financial Year (Apr - Mar), 2025",22-Apr-2026,11,0,0,429,25,3,351,22,3
India,Tamil Nadu,Ranipet,"Financial Year (Apr - Mar), 2025",22-Apr-2026,7,7,7,288,288,288,278,278,278
India,Tamil Nadu,Salem,"Financial Year (Apr - Mar), 2025",22-Apr-2026,20,5,5,385,168,167,377,166,163
India,Tamil Nadu,Sivaganga,"Financial Year (Apr - Mar), 2025",22-Apr-2026,12,1,1,445,199,199,397,177,171
India,Tamil Nadu,Tenkasi,"Financial Year (Apr - Mar), 2025",22-Apr-2026,10,0,0,221,82,82,192,75,74
India,Tamil Nadu,Thanjavur,"Financial Year (Apr - Mar), 2025",22-Apr-2026,14,14,9,589,589,577,594,594,582
India,Tamil Nadu,The Nilgiris,"Financial Year (Apr - Mar), 2025",22-Apr-2026,4,4,4,35,35,35,34,34,34
India,Tamil Nadu,Theni,"Financial Year (Apr - Mar), 2025",22-Apr-2026,8,8,8,130,130,130,82,82,82
India,Tamil Nadu,Thiruvallur,"Financial Year (Apr - Mar), 2025",22-Apr-2026,14,14,14,526,526,526,452,452,452
India,Tamil Nadu,Thiruvarur,"Financial Year (Apr - Mar), 2025",22-Apr-2026,10,0,0,430,225,207,436,229,210
India,Tamil Nadu,Tiruchirappalli,"Financial Year (Apr - Mar), 2025",22-Apr-2026,14,7,7,404,337,337,385,323,322
India,Tamil Nadu,Tirunelveli,"Financial Year (Apr - Mar), 2025",22-Apr-2026,9,2,2,204,101,95,193,95,91
India,Tamil Nadu,Tirupathur,"Financial Year (Apr - Mar), 2025",22-Apr-2026,6,6,3,209,209,201,160,160,153
India,Tamil Nadu,Tiruppur,"Financial Year (Apr - Mar), 2025",22-Apr-2026,13,5,5,265,202,199,267,203,200
India,Tamil Nadu,Tiruvannamalai,"Financial Year (Apr - Mar), 2025",22-Apr-2026,18,14,14,860,849,849,823,814,814
India,Tamil Nadu,Tuticorin,"Financial Year (Apr - Mar), 2025",22-Apr-2026,12,4,3,403,236,222,374,220,207
India,Tamil Nadu,Vellore,"Financial Year (Apr - Mar), 2025",22-Apr-2026,7,7,7,247,247,247,241,241,241
India,Tamil Nadu,Villupuram,"Financial Year (Apr - Mar), 2025",22-Apr-2026,13,13,13,688,688,688,675,675,675
India,Tamil Nadu,Virudhunagar,"Financial Year (Apr - Mar), 2025",22-Apr-2026,11,0,0,448,306,304,363,258,253
India,Telangana,Adilabad,"Financial Year (Apr - Mar), 2025",22-Apr-2026,17,17,0,463,463,5,458,458,4
India,Telangana,Bhadradri Kothagudem,"Financial Year (Apr - Mar), 2025",22-Apr-2026,22,22,1,421,421,49,312,312,18
India,Telangana,Hanumakonda,"Financial Year (Apr - Mar), 2025",22-Apr-2026,12,12,0,160,160,2,136,136,1
India,Telangana,Jagitial,"Financial Year (Apr - Mar), 2025",22-Apr-2026,18,18,0,321,321,1,279,279,1
India,Telangana,Jangoan,"Financial Year (Apr - Mar), 2025",22-Apr-2026,12,12,0,253,253,25,173,173,14
India,Telangana,Jayashankar Bhupalapally,"Financial Year (Apr - Mar), 2025",22-Apr-2026,11,11,0,211,211,5,196,196,4
India,Telangana,Jogulamba Gadwal,"Financial Year (Apr - Mar), 2025",22-Apr-2026,12,12,0,216,216,7,192,192,7
India,Telangana,Kamareddy,"Financial Year (Apr - Mar), 2025",22-Apr-2026,22,22,0,520,520,16,423,423,11
India,Telangana,Karimnagar,"Financial Year (Apr - Mar), 2025",22-Apr-2026,15,15,0,243,243,4,198,198,3
India,Telangana,Khammam,"Financial Year (Apr - Mar), 2025",22-Apr-2026,20,20,0,446,446,20,350,350,16
India,Telangana,Kumuram Bheem Asifabad,"Financial Year (Apr - Mar), 2025",22-Apr-2026,15,15,0,330,330,1,383,383,2
India,Telangana,Mahabubabad,"Financial Year (Apr - Mar), 2025",22-Apr-2026,16,16,0,429,429,10,265,265,3
India,Telangana,Mahabubnagar,"Financial Year (Apr - Mar), 2025",22-Apr-2026,15,15,0,401,401,23,298,298,16
India,Telangana,Mancherial,"Financial Year (Apr - Mar), 2025",22-Apr-2026,16,16,0,306,306,3,332,332,5
India,Telangana,Medak,"Financial Year (Apr - Mar), 2025",22-Apr-2026,20,20,0,438,438,11,364,364,9
India,Telangana,Medchal Malkajgiri,"Financial Year (Apr - Mar), 2025",22-Apr-2026,5,5,0,50,50,0,52,52,0
India,Telangana,Mulugu,"Financial Year (Apr - Mar), 2025",22-Apr-2026,9,9,0,159,159,5,229,229,7
India,Telangana,Nagarkurnool,"Financial Year (Apr - Mar), 2025",22-Apr-2026,20,20,0,434,434,9,339,339,9
India,Telangana,Nalgonda,"Financial Year (Apr - Mar), 2025",22-Apr-2026,31,31,0,779,779,15,575,575,12
India,Telangana,Narayanpet,"Financial Year (Apr - Mar), 2025",22-Apr-2026,11,11,0,268,268,6,233,233,5
India,Telangana,Nirmal,"Financial Year (Apr - Mar), 2025",22-Apr-2026,18,18,0,392,392,5,372,372,5
India,Telangana,Nizamabad,"Financial Year (Apr - Mar), 2025",22-Apr-2026,27,27,0,525,525,10,421,421,6
India,Telangana,Peddapalli,"Financial Year (Apr - Mar), 2025",22-Apr-2026,13,13,0,226,226,27,195,195,18
India,Telangana,Rajanna Sircilla,"Financial Year (Apr - Mar), 2025",22-Apr-2026,12,12,0,207,207,24,158,158,14
India,Telangana,Ranga Reddy,"Financial Year (Apr - Mar), 2025",22-Apr-2026,21,21,0,500,500,14,405,405,9
India,Telangana,Sangareddy,"Financial Year (Apr - Mar), 2025",22-Apr-2026,25,25,0,616,616,2,537,537,2
India,Telangana,Siddipet,"Financial Year (Apr - Mar), 2025",22-Apr-2026,23,23,0,422,422,27,352,352,21
India,Telangana,Suryapet,"Financial Year (Apr - Mar), 2025",22-Apr-2026,23,23,0,449,449,30,289,289,13
India,Telangana,Vikarabad,"Financial Year (Apr - Mar), 2025",22-Apr-2026,19,19,0,546,546,1,461,461,2
India,Telangana,Wanaparthy,"Financial Year (Apr - Mar), 2025",22-Apr-2026,14,14,0,240,240,7,201,201,6
India,Telangana,Warangal,"Financial Year (Apr - Mar), 2025",22-Apr-2026,11,11,0,253,253,10,160,160,9
India,Telangana,Yadadri Bhuvanagiri,"Financial Year (Apr - Mar), 2025",22-Apr-2026,17,17,0,410,410,23,355,355,19
India,The Dadra and Nagar Haveli and Daman and Diu,Dadra and Nagar Haveli,"Financial Year (Apr - Mar), 2025",22-Apr-2026,1,1,1,10,10,10,70,70,70
India,The Dadra and Nagar Haveli and Daman and Diu,Daman,"Financial Year (Apr - Mar), 2025",22-Apr-2026,1,1,1,11,11,11,22,22,22
India,The Dadra and Nagar Haveli and Daman and Diu,Diu,"Financial Year (Apr - Mar), 2025",22-Apr-2026,1,1,1,4,4,4,4,4,4
India,Tripura,Dhalai,"Financial Year (Apr - Mar), 2025",22-Apr-2026,8,0,0,151,9,9,122,7,7
India,Tripura,Gomati,"Financial Year (Apr - Mar), 2025",22-Apr-2026,8,0,0,173,10,10,118,11,11
India,Tripura,Khowai,"Financial Year (Apr - Mar), 2025",22-Apr-2026,6,0,0,124,17,17,69,11,11
India,Tripura,North Tripura,"Financial Year (Apr - Mar), 2025",22-Apr-2026,8,0,0,129,18,18,80,13,13
India,Tripura,Sepahijala,"Financial Year (Apr - Mar), 2025",22-Apr-2026,7,0,0,169,23,23,108,19,19
India,Tripura,South Tripura,"Financial Year (Apr - Mar), 2025",22-Apr-2026,8,0,0,169,10,10,121,9,9
India,Tripura,Unakoti,"Financial Year (Apr - Mar), 2025",22-Apr-2026,4,0,0,91,25,25,70,21,20
India,Tripura,West Tripura,"Financial Year (Apr - Mar), 2025",22-Apr-2026,9,2,2,170,66,64,77,30,28
India,Uttar Pradesh,Agra,"Financial Year (Apr - Mar), 2025",22-Apr-2026,15,0,0,690,86,75,902,107,91
India,Uttar Pradesh,Aligarh,"Financial Year (Apr - Mar), 2025",22-Apr-2026,12,0,0,859,210,130,1130,317,178
India,Uttar Pradesh,Ambedkar Nagar,"Financial Year (Apr - Mar), 2025",22-Apr-2026,9,0,0,904,199,166,1600,427,326
India,Uttar Pradesh,Amethi,"Financial Year (Apr - Mar), 2025",22-Apr-2026,13,0,0,682,289,171,981,433,255
India,Uttar Pradesh,Amroha,"Financial Year (Apr - Mar), 2025",22-Apr-2026,6,0,0,598,174,156,957,286,249
India,Uttar Pradesh,Auraiya,"Financial Year (Apr - Mar), 2025",22-Apr-2026,7,0,0,477,240,172,770,417,276
India,Uttar Pradesh,Ayodhya,"Financial Year (Apr - Mar), 2025",22-Apr-2026,11,0,0,795,345,224,1188,515,347
India,Uttar Pradesh,Azamgarh,"Financial Year (Apr - Mar), 2025",22-Apr-2026,22,0,0,1820,301,230,3815,667,490
India,Uttar Pradesh,Baghpat,"Financial Year (Apr - Mar), 2025",22-Apr-2026,6,1,0,244,168,107,275,190,117
India,Uttar Pradesh,Bahraich,"Financial Year (Apr - Mar), 2025",22-Apr-2026,14,0,0,1042,369,331,1360,495,436
India,Uttar Pradesh,Ballia,"Financial Year (Apr - Mar), 2025",22-Apr-2026,17,0,0,942,117,83,1832,272,185
India,Uttar Pradesh,Balrampur,"Financial Year (Apr - Mar), 2025",22-Apr-2026,9,0,0,799,279,245,995,379,327
India,Uttar Pradesh,Banda,"Financial Year (Apr - Mar), 2025",22-Apr-2026,8,3,1,470,462,440,648,640,617
India,Uttar Pradesh,Barabanki,"Financial Year (Apr - Mar), 2025",22-Apr-2026,15,0,0,1154,253,233,1789,422,374
India,Uttar Pradesh,Bareilly,"Financial Year (Apr - Mar), 2025",22-Apr-2026,15,0,0,1192,349,258,1866,575,402
India,Uttar Pradesh,Basti,"Financial Year (Apr - Mar), 2025",22-Apr-2026,14,0,0,1211,275,231,3087,691,558
India,Uttar Pradesh,Bhadohi,"Financial Year (Apr - Mar), 2025",22-Apr-2026,6,0,0,551,152,86,1071,333,164
India,Uttar Pradesh,Bijnor,"Financial Year (Apr - Mar), 2025",22-Apr-2026,11,0,0,1123,376,295,2254,795,610
India,Uttar Pradesh,Budaun,"Financial Year (Apr - Mar), 2025",22-Apr-2026,15,0,0,1037,496,328,1476,709,464
India,Uttar Pradesh,Bulandshahr,"Financial Year (Apr - Mar), 2025",22-Apr-2026,16,0,0,946,412,282,1165,538,364
India,Uttar Pradesh,Chandauli,"Financial Year (Apr - Mar), 2025",22-Apr-2026,9,0,0,734,254,131,1511,611,285
India,Uttar Pradesh,Chitrakoot,"Financial Year (Apr - Mar), 2025",22-Apr-2026,5,1,0,333,220,164,561,397,320
India,Uttar Pradesh,Deoria,"Financial Year (Apr - Mar), 2025",22-Apr-2026,16,0,0,1182,534,369,2027,965,628
India,Uttar Pradesh,Etah,"Financial Year (Apr - Mar), 2025",22-Apr-2026,8,0,0,574,125,86,852,225,146
India,Uttar Pradesh,Etawah,"Financial Year (Apr - Mar), 2025",22-Apr-2026,8,0,0,470,167,126,684,277,207
India,Uttar Pradesh,Farrukhabad,"Financial Year (Apr - Mar), 2025",22-Apr-2026,7,0,0,594,359,235,850,552,335
India,Uttar Pradesh,Fatehpur,"Financial Year (Apr - Mar), 2025",22-Apr-2026,13,0,0,837,240,166,1354,463,315
India,Uttar Pradesh,Firozabad,"Financial Year (Apr - Mar), 2025",22-Apr-2026,9,0,0,564,79,77,783,113,106
India,Uttar Pradesh,Gautam Buddha Nagar,"Financial Year (Apr - Mar), 2025",22-Apr-2026,3,0,0,84,28,16,100,33,19
India,Uttar Pradesh,Ghaziabad,"Financial Year (Apr - Mar), 2025",22-Apr-2026,4,0,0,150,59,45,177,72,50
India,Uttar Pradesh,Ghazipur,"Financial Year (Apr - Mar), 2025",22-Apr-2026,16,0,0,1236,276,253,2769,655,600
India,Uttar Pradesh,Gonda,"Financial Year (Apr - Mar), 2025",22-Apr-2026,16,0,0,1214,302,279,1815,470,414
India,Uttar Pradesh,Gorakhpur,"Financial Year (Apr - Mar), 2025",22-Apr-2026,20,0,0,1325,941,660,2898,2219,1508
India,Uttar Pradesh,Hamirpur,"Financial Year (Apr - Mar), 2025",22-Apr-2026,7,1,0,331,319,308,475,462,450
India,Uttar Pradesh,Hapur,"Financial Year (Apr - Mar), 2025",22-Apr-2026,4,0,0,272,177,132,322,208,153
India,Uttar Pradesh,Hardoi,"Financial Year (Apr - Mar), 2025",22-Apr-2026,19,1,0,1305,643,481,1921,984,742
India,Uttar Pradesh,Hathras,"Financial Year (Apr - Mar), 2025",22-Apr-2026,7,0,0,467,64,50,647,91,70
India,Uttar Pradesh,Jalaun,"Financial Year (Apr - Mar), 2025",22-Apr-2026,9,1,0,574,270,201,926,460,333
India,Uttar Pradesh,Jaunpur,"Financial Year (Apr - Mar), 2025",22-Apr-2026,21,0,0,1738,171,134,3208,341,264
India,Uttar Pradesh,Jhansi,"Financial Year (Apr - Mar), 2025",22-Apr-2026,8,1,0,495,301,277,740,461,430
India,Uttar Pradesh,Kannauj,"Financial Year (Apr - Mar), 2025",22-Apr-2026,8,0,0,500,404,346,688,559,483
India,Uttar Pradesh,Kanpur Dehat,"Financial Year (Apr - Mar), 2025",22-Apr-2026,10,0,0,620,396,284,923,651,439
India,Uttar Pradesh,Kanpur Nagar,"Financial Year (Apr - Mar), 2025",22-Apr-2026,10,0,0,590,199,162,912,324,256
India,Uttar Pradesh,Kasganj,"Financial Year (Apr - Mar), 2025",22-Apr-2026,7,0,0,423,137,106,654,229,171
India,Uttar Pradesh,Kaushambi,"Financial Year (Apr - Mar), 2025",22-Apr-2026,8,0,0,452,161,98,687,280,177
India,Uttar Pradesh,Kheri,"Financial Year (Apr - Mar), 2025",22-Apr-2026,15,0,0,1164,512,387,1692,757,540
India,Uttar Pradesh,Kushi Nagar,"Financial Year (Apr - Mar), 2025",22-Apr-2026,14,0,0,1007,594,478,1459,938,764
India,Uttar Pradesh,Lalitpur,"Financial Year (Apr - Mar), 2025",22-Apr-2026,6,1,0,417,394,367,694,664,634
India,Uttar Pradesh,Lucknow,"Financial Year (Apr - Mar), 2025",22-Apr-2026,8,0,0,492,194,173,704,288,253
India,Uttar Pradesh,Mahoba,"Financial Year (Apr - Mar), 2025",22-Apr-2026,4,1,1,271,253,243,427,408,395
India,Uttar Pradesh,Mahrajganj,"Financial Year (Apr - Mar), 2025",22-Apr-2026,12,0,0,890,172,131,1207,221,164
India,Uttar Pradesh,Mainpuri,"Financial Year (Apr - Mar), 2025",22-Apr-2026,9,0,0,548,128,99,807,231,161
India,Uttar Pradesh,Mathura,"Financial Year (Apr - Mar), 2025",22-Apr-2026,10,0,0,505,68,68,680,82,82
India,Uttar Pradesh,Mau,"Financial Year (Apr - Mar), 2025",22-Apr-2026,9,0,0,661,206,160,1470,556,343
India,Uttar Pradesh,Meerut,"Financial Year (Apr - Mar), 2025",22-Apr-2026,12,0,0,480,347,332,603,434,410
India,Uttar Pradesh,Mirzapur,"Financial Year (Apr - Mar), 2025",22-Apr-2026,12,0,0,808,745,720,1909,1812,1779
India,Uttar Pradesh,Moradabad,"Financial Year (Apr - Mar), 2025",22-Apr-2026,8,0,0,644,123,99,1010,197,150
India,Uttar Pradesh,Muzaffarnagar,"Financial Year (Apr - Mar), 2025",22-Apr-2026,9,0,0,489,229,159,676,285,191
India,Uttar Pradesh,Pilibhit,"Financial Year (Apr - Mar), 2025",22-Apr-2026,7,0,0,720,354,253,1291,631,435
India,Uttar Pradesh,Pratapgarh,"Financial Year (Apr - Mar), 2025",22-Apr-2026,17,0,0,1202,352,171,2104,725,338
India,Uttar Pradesh,Prayagraj,"Financial Year (Apr - Mar), 2025",22-Apr-2026,23,0,0,1573,427,376,2685,753,665
India,Uttar Pradesh,Rae Bareli,"Financial Year (Apr - Mar), 2025",22-Apr-2026,18,0,0,988,364,299,1561,584,468
India,Uttar Pradesh,Rampur,"Financial Year (Apr - Mar), 2025",22-Apr-2026,6,0,0,679,185,172,1147,347,309
India,Uttar Pradesh,Saharanpur,"Financial Year (Apr - Mar), 2025",22-Apr-2026,11,0,0,882,256,176,1258,386,248
India,Uttar Pradesh,Sambhal,"Financial Year (Apr - Mar), 2025",22-Apr-2026,8,0,0,668,130,93,899,168,122
India,Uttar Pradesh,Sant Kabir Nagar,"Financial Year (Apr - Mar), 2025",22-Apr-2026,9,0,0,750,201,125,1539,426,261
India,Uttar Pradesh,Shahjahanpur,"Financial Year (Apr - Mar), 2025",22-Apr-2026,15,0,0,1069,508,317,2088,1187,662
India,Uttar Pradesh,Shamli,"Financial Year (Apr - Mar), 2025",22-Apr-2026,5,0,0,230,124,56,293,161,67
India,Uttar Pradesh,Shrawasti,"Financial Year (Apr - Mar), 2025",22-Apr-2026,5,0,0,397,118,95,502,150,117
India,Uttar Pradesh,Siddharth Nagar,"Financial Year (Apr - Mar), 2025",22-Apr-2026,14,0,0,1164,242,133,2394,568,275
India,Uttar Pradesh,Sitapur,"Financial Year (Apr - Mar), 2025",22-Apr-2026,19,0,0,1598,284,226,2310,431,337
India,Uttar Pradesh,Sonbhadra,"Financial Year (Apr - Mar), 2025",22-Apr-2026,10,0,0,629,251,191,1394,615,490
India,Uttar Pradesh,Sultanpur,"Financial Year (Apr - Mar), 2025",22-Apr-2026,14,0,0,979,315,200,1699,527,329
India,Uttar Pradesh,Unnao,"Financial Year (Apr - Mar), 2025",22-Apr-2026,16,0,0,1041,42,40,1682,62,60
India,Uttar Pradesh,Varanasi,"Financial Year (Apr - Mar), 2025",22-Apr-2026,8,0,0,689,265,219,1241,517,434
India,Uttarakhand,Almora,"Financial Year (Apr - Mar), 2025",22-Apr-2026,11,0,0,1158,540,410,2134,1173,885
India,Uttarakhand,Bageshwar,"Financial Year (Apr - Mar), 2025",22-Apr-2026,3,0,0,402,378,319,823,787,690
India,Uttarakhand,Chamoli,"Financial Year (Apr - Mar), 2025",22-Apr-2026,9,4,0,611,505,384,1113,964,757
India,Uttarakhand,Champawat,"Financial Year (Apr - Mar), 2025",22-Apr-2026,4,0,0,313,207,122,644,493,343
India,Uttarakhand,Dehradun,"Financial Year (Apr - Mar), 2025",22-Apr-2026,6,4,0,401,397,356,635,628,582
India,Uttarakhand,Haridwar,"Financial Year (Apr - Mar), 2025",22-Apr-2026,6,0,0,310,217,156,473,356,271
India,Uttarakhand,Nainital,"Financial Year (Apr - Mar), 2025",22-Apr-2026,8,0,0,479,213,191,1008,547,478
India,Uttarakhand,Pauri Garhwal,"Financial Year (Apr - Mar), 2025",22-Apr-2026,15,1,0,1170,882,611,2961,2546,2006
India,Uttarakhand,Pithoragarh,"Financial Year (Apr - Mar), 2025",22-Apr-2026,8,2,0,686,642,505,1537,1478,1223
India,Uttarakhand,Rudra Prayag,"Financial Year (Apr - Mar), 2025",22-Apr-2026,3,0,0,336,238,142,637,511,318
India,Uttarakhand,Tehri Garhwal,"Financial Year (Apr - Mar), 2025",22-Apr-2026,9,0,0,1031,878,696,1743,1542,1255
India,Uttarakhand,Udam Singh Nagar,"Financial Year (Apr - Mar), 2025",22-Apr-2026,7,0,0,375,196,184,605,368,349
India,Uttarakhand,Uttar Kashi,"Financial Year (Apr - Mar), 2025",22-Apr-2026,6,2,0,508,431,350,666,579,487
India,West Bengal,Alipurduar,"Financial Year (Apr - Mar), 2025",22-Apr-2026,6,0,0,65,1,0,334,38,19
India,West Bengal,Bankura,"Financial Year (Apr - Mar), 2025",22-Apr-2026,22,0,0,190,0,0,3735,755,240
India,West Bengal,Birbhum,"Financial Year (Apr - Mar), 2025",22-Apr-2026,19,0,0,167,0,0,2219,275,149
India,West Bengal,Coochbehar,"Financial Year (Apr - Mar), 2025",22-Apr-2026,12,0,0,128,0,0,1137,35,24
India,West Bengal,Dakshin Dinajpur,"Financial Year (Apr - Mar), 2025",22-Apr-2026,8,0,0,65,0,0,1594,156,129
India,West Bengal,Darjeeling,"Financial Year (Apr - Mar), 2025",22-Apr-2026,9,0,0,92,2,2,539,76,62
India,West Bengal,Hooghly,"Financial Year (Apr - Mar), 2025",22-Apr-2026,18,0,0,202,3,2,1877,271,265
India,West Bengal,Howrah,"Financial Year (Apr - Mar), 2025",22-Apr-2026,14,0,0,151,21,15,772,226,205
India,West Bengal,Jalpaiguri,"Financial Year (Apr - Mar), 2025",22-Apr-2026,9,0,0,77,0,0,405,32,22
India,West Bengal,Jhargram,"Financial Year (Apr - Mar), 2025",22-Apr-2026,8,0,0,79,0,0,2478,209,144
India,West Bengal,Kalimpong,"Financial Year (Apr - Mar), 2025",22-Apr-2026,4,0,0,40,0,0,103,25,23
India,West Bengal,Malda,"Financial Year (Apr - Mar), 2025",22-Apr-2026,15,0,0,146,0,0,1673,56,50
India,West Bengal,Murshidabad,"Financial Year (Apr - Mar), 2025",22-Apr-2026,26,0,0,252,0,0,1970,35,30
India,West Bengal,Nadia,"Financial Year (Apr - Mar), 2025",22-Apr-2026,18,1,1,186,28,24,1263,568,478
India,West Bengal,North 24 Parganas,"Financial Year (Apr - Mar), 2025",22-Apr-2026,22,0,0,199,1,1,1582,146,130
India,West Bengal,Paschim Bardhaman,"Financial Year (Apr - Mar), 2025",22-Apr-2026,8,0,0,62,0,0,373,78,40
India,West Bengal,Paschim Medinipur,"Financial Year (Apr - Mar), 2025",22-Apr-2026,21,0,0,211,0,0,5031,38,18
India,West Bengal,Purba Bardhaman,"Financial Year (Apr - Mar), 2025",22-Apr-2026,23,0,0,215,1,1,2103,357,226
India,West Bengal,Purba Medinipur,"Financial Year (Apr - Mar), 2025",22-Apr-2026,25,0,0,223,6,1,2934,400,153
India,West Bengal,Purulia,"Financial Year (Apr - Mar), 2025",22-Apr-2026,20,0,0,170,1,0,2601,186,144
India,West Bengal,South 24 Parganas,"Financial Year (Apr - Mar), 2025",22-Apr-2026,29,0,0,309,1,1,2076,131,78
India,West Bengal,Uttar Dinajpur,"Financial Year (Apr - Mar), 2025",22-Apr-2026,9,0,0,98,0,0,1469,64,62
